GVKEY,Firm Name,Year,Form,Accession Number
2085,BAUSCH &amp; LOMB INC,2004,10-K,0000010427-05-000140
5862,RAYONIER INC,2004,10-K,0001145443-05-000423
5862,RAYONIER INC,2005,10-K,0001193125-06-044102
9667,SHERWIN WILLIAMS CO,2004,10-K,0000950152-05-001943
9667,SHERWIN WILLIAMS CO,2005,10-K,0000950152-06-001786
11376,WEST PHARMACEUTICAL SERVICES INC,2004,10-K,0000105770-05-000135
11376,WEST PHARMACEUTICAL SERVICES INC,2005,10-K,0001104659-06-014167
13421,CADENCE DESIGN SYSTEMS INC,2005,10-K,0000950134-05-005251
13421,CADENCE DESIGN SYSTEMS INC,2005,10-K,0000950134-06-004749
141469,HARVARD BIOSCIENCE INC,2005,10-K,0001104659-06-017303
141469,HARVARD BIOSCIENCE INC,2004,10-K/A,0001047469-05-012187
141469,HARVARD BIOSCIENCE INC,2004,10-K,0001047469-05-006773
3502,COOPER TIRE &amp; RUBBER CO,2005,10-K,0000950152-06-001586
3502,COOPER TIRE &amp; RUBBER CO,2004,10-K/A,0000950152-05-002885
3502,COOPER TIRE &amp; RUBBER CO,2004,10-K,0000950152-05-002010
3502,COOPER TIRE &amp; RUBBER CO,2005,10-K/A,0000950152-06-001665
142811,FMC TECHNOLOGIES INC,2004,10-K,0001193125-05-049566
142811,FMC TECHNOLOGIES INC,2005,10-K,0001193125-06-038959
5606,HEWLETT PACKARD CO,2004,10-K,0001047469-05-000929
5606,HEWLETT PACKARD CO,2005,10-K,0001047469-05-028479
65430,CHILDRENS PLACE RETAIL STORES INC,2005,10-K/A,0001104659-05-028200
65430,CHILDRENS PLACE RETAIL STORES INC,2006,10-K,0001104659-06-024467
65430,CHILDRENS PLACE RETAIL STORES INC,2005,10-K,0001104659-05-016518
63501,E TRADE FINANCIAL CORP,2003,10-K/A,0001193125-05-009895
63501,E TRADE FINANCIAL CORP,2005,10-K,0001193125-06-045154
63501,E TRADE FINANCIAL CORP,2004,10-K,0001193125-05-046680
63501,E TRADE FINANCIAL CORP,2005,10-K/A,0001193125-06-062978
7906,NIKE INC,2006,10-K,0001193125-06-156152
7906,NIKE INC,2005,10-K,0000950124-05-004551
13027,GUNDLE SLT ENVIRONMENTAL INC,2004,10-K,0001193125-05-033629
13027,GUNDLE SLT ENVIRONMENTAL INC,2005,10-K,0001144204-06-009171
10232,SYMBOL TECHNOLOGIES INC,2005,10-K/A,0000950123-06-002594
10232,SYMBOL TECHNOLOGIES INC,2005,10-K,0000950123-06-002545
10232,SYMBOL TECHNOLOGIES INC,2004,10-K,0000950123-05-003013
10232,SYMBOL TECHNOLOGIES INC,2002,10-K/A,0000950123-05-007759
10232,SYMBOL TECHNOLOGIES INC,2003,10-K/A,0000950123-05-007758
22794,BJ SERVICES CO,2004,10-K,0001193125-05-012383
22794,BJ SERVICES CO,2005,10-K,0001193125-05-242654
25783,"McAfee, Inc.",2005,10-K,0000950134-06-004019
25783,"McAfee, Inc.",2004,10-K,0000950134-05-006598
25783,"McAfee, Inc.",2004,10-K/A,0000950134-05-010735
14650,BMC SOFTWARE INC,2006,10-K,0000950129-06-006284
14650,BMC SOFTWARE INC,2005,10-K,0000950129-05-006679
4321,EMERSON ELECTRIC CO,2004,10-K,0000032604-04-000033
4321,EMERSON ELECTRIC CO,2005,10-K,0001193125-05-230745
10499,TEXAS INSTRUMENTS INC,2004,10-K,0001193125-05-038623
10499,TEXAS INSTRUMENTS INC,2005,10-K,0001193125-06-041333
8543,"ALTRIA GROUP, INC.",2005,10-K,0001193125-06-051165
8543,ALTRIA GROUP INC,2004,10-K,0000950123-05-003146
24856,GILEAD SCIENCES INC,2005,10-K,0001193125-06-045128
24856,GILEAD SCIENCES INC,2004,10-K,0001104659-05-010858
25341,KRONOS INC,2004,10-K,0000886903-04-000205
25341,KRONOS INC,2005,10-K,0000886903-05-000165
24409,SYBASE INC,2005,10-K,0000950134-06-005173
24409,SYBASE INC,2004,10-K,0000950134-05-005197
4973,GALLAGHER ARTHUR J &amp; CO,2004,10-K,0001193125-05-013417
4973,GALLAGHER ARTHUR J &amp; CO,2005,10-K,0001193125-06-023110
6078,INTERNATIONAL FLAVORS &amp; FRAGRANCES INC,2005,10-K,0000950136-06-001885
6078,INTERNATIONAL FLAVORS &amp; FRAGRANCES INC,2004,10-K,0000950136-05-001337
3707,DST SYSTEMS INC,2005,10-K,0001104659-06-014683
3707,DST SYSTEMS INC,2004,10-K,0001104659-05-010668
10407,TELEFLEX INC,2004,10-K,0000893220-05-000499
10407,TELEFLEX INC,2005,10-K,0000893220-06-000621
7991,TEREX CORP,2004,10-K,0001125282-06-001131
7991,TEREX CORP,2005,10-K,0001125282-06-002894
30098,GARDNER DENVER INC,2004,10-K,0001068800-05-000175
30098,GARDNER DENVER INC,2005,10-K,0000950137-06-003038
12136,"SUN MICROSYSTEMS, INC.",2006,10-K,0001193125-06-187945
12136,"SUN MICROSYSTEMS, INC.",2005,10-K,0001193125-05-184847
13646,TIFFANY &amp; CO,2005,10-K,0000950123-05-004501
13646,TIFFANY &amp; CO,2006,10-K,0000950123-06-003996
13646,TIFFANY &amp; CO,2005,10-K/A,0000098246-06-000089
1209,AIR PRODUCTS &amp; CHEMICALS INC /DE/,2004,10-K,0000950123-04-014695
1209,AIR PRODUCTS &amp; CHEMICALS INC /DE/,2005,10-K,0000950123-05-013994
12756,COCA COLA ENTERPRISES INC,2004,10-K,0001193125-05-044461
12756,COCA COLA ENTERPRISES INC,2005,10-K,0001193125-06-036747
1690,APPLE COMPUTER INC,2004,10-K,0001047469-04-035975
1690,APPLE COMPUTER INC,2005,10-K,0001104659-05-058421
121718,JUNIPER NETWORKS INC,2004,10-K,0000950134-05-004228
121718,JUNIPER NETWORKS INC,2005,10-K,0000950134-06-004424
7938,NACCO INDUSTRIES INC,2004,10-K,0000950152-05-002157
7938,NACCO INDUSTRIES INC,2005,10-K,0000950152-06-001530
15110,LYONDELL CHEMICAL CO,2004,10-K,0001193125-05-052566
15110,LYONDELL CHEMICAL CO,2005,10-K,0001193125-06-054726
6821,LOUISIANA-PACIFIC CORP,2005,10-K,0001104659-06-014863
6821,LOUISIANA-PACIFIC CORP,2004,10-K,0001104659-05-010457
7620,MURPHY OIL CORP /DE,2004,10-K,0001193125-05-052706
7620,MURPHY OIL CORP /DE,2005,10-K,0001193125-06-054960
7620,MURPHY OIL CORP /DE,2005,10-K/A,0001193125-06-056655
120774,BROCADE COMMUNICATIONS SYSTEMS INC,2005,10-K,0000950134-06-000737
120774,BROCADE COMMUNICATIONS SYSTEMS INC,2004,10-K,0000950134-05-001717
120774,BROCADE COMMUNICATIONS SYSTEMS INC,2004,10-K/A,0000950134-05-021402
61574,WATERS CORP /DE/,2005,10-K,0000950135-06-001427
61574,WATERS CORP /DE/,2004,10-K,0000950135-05-001421
14385,RESPIRONICS INC,2006,10-K,0001193125-06-190272
14385,RESPIRONICS INC,2005,10-K,0001193125-05-184823
4094,DUN &amp; BRADSTREET CORP/NW,2005,10-K,0000950123-06-002387
4094,MOODYS CORP /DE/,2004,10-K,0000950123-05-002773
4094,DONNELLEY R H INC,2004,10-K/A,0000950144-05-005141
4094,R H DONNELLEY CORP,2005,10-K,0000950144-06-002351
4094,MOODYS CORP /DE/,2005,10-K,0001193125-06-041923
4094,DUN &amp; BRADSTREET CORP/NW,2004,10-K,0001206774-05-000313
4094,R H DONNELLEY CORP,2004,10-K,0000950144-05-002657
4060,DOW CHEMICAL CO /DE/,2004,10-K,0001047469-05-004197
4060,DOW CHEMICAL CO /DE/,2005,10-K,0001047469-06-002147
4058,DOVER CORP,2004,10-K,0000950123-05-003055
4058,DOVER CORP,2005,10-K,0000950123-06-002706
10519,TEXTRON INC,2005,10-K,0001104659-06-011793
10519,TEXTRON INC,2005,10-K,0001104659-05-008155
29830,Rock-Tenn CO,2005,10-K,0000950144-05-012856
29830,ROCK TENN CO,2004,10-K,0000950144-04-012064
9778,SNAP ON INC,2005,10-K,0000897069-05-000548
9778,SNAP ON INC,2005,10-K,0000897069-06-000518
6730,LILLY ELI &amp; CO,2005,10-K,0000950137-06-002395
6730,LILLY ELI &amp; CO,2004,10-K,0000950134-05-004385
4093,DUKE ENERGY CORP,2004,10-K,0001193125-05-052711
4093,DUKE ENERGY CORP,2005,10-K/A,0001193125-06-071231
4093,DUKE ENERGY CORP,2005,10-K,0001193125-06-045233
4093,DUKE ENERGY CORP,2005,10-K/A,0001193125-06-070775
144066,ROCKWELL COLLINS INC,2004,10-K,0001193125-04-209373
144066,ROCKWELL COLLINS INC,2005,10-K,0001193125-05-230287
2561,CPAC INC,2006,10-K,0000351717-06-000014
2561,CPAC INC,2005,10-K,0000351717-05-000027
2561,CPAC INC,2005,10-K/A,0000351717-05-000037
10581,TIMKEN CO,2005,10-K,0000950152-06-001996
10581,TIMKEN CO,2004,10-K,0000098362-05-000001
142953,KRAFT FOODS INC,2004,10-K,0001047469-05-006214
142953,KRAFT FOODS INC,2005,10-K,0001047469-06-003200
11465,WHIRLPOOL CORP /DE/,2004,10-K/A,0001193125-05-052507
11465,WHIRLPOOL CORP /DE/,2005,10-K,0001047469-06-002674
11465,WHIRLPOOL CORP /DE/,2004,10-K,0001193125-05-042422
5786,HUNTINGTON BANCSHARES INC/MD,2005,10-K/A,0000950152-06-006501
5786,HUNTINGTON BANCSHARES INC/MD,2004,10-K,0000950152-05-001700
5786,HUNTINGTON BANCSHARES INC/MD,2005,10-K,0000950152-06-001400
5786,HUNTINGTON PREFERRED CAPITAL INC,2005,10-K,0000950152-06-002522
5786,HUNTINGTON PREFERRED CAPITAL INC,2004,10-K/A,0000950152-05-009902
5786,HUNTINGTON PREFERRED CAPITAL INC,2004,10-K,0000950152-05-002566
26021,SEACOR HOLDINGS INC /NEW/,2004,10-K/A,0001047469-05-010044
26021,SEACOR HOLDINGS INC /NEW/,2004,10-K,0001047469-05-006379
26021,SEACOR HOLDINGS INC /NEW/,2005,10-K,0001104659-06-017877
111864,COGNIZANT TECHNOLOGY SOLUTIONS CORP,2004,10-K,0000950123-05-003226
111864,COGNIZANT TECHNOLOGY SOLUTIONS CORP,2005,10-K,0001193125-06-054940
7228,MEDTRONIC INC,2005,10-K,0000897101-05-001490
7228,MEDTRONIC INC,2006,10-K,0000897101-06-001326
20779,CISCO SYSTEMS INC,2005,10-K,0001193125-05-187168
20779,CISCO SYSTEMS INC,2006,10-K,0001193125-06-192133
6900,MTS SYSTEMS CORP,2004,10-K,0000897101-04-002620
6900,MTS SYSTEMS CORP,2005,10-K/A,0000897101-06-000156
6900,MTS SYSTEMS CORP,2005,10-K,0000897101-05-002656
4839,FORD MOTOR CO,2004,10-K,0000950124-05-001427
4839,FORD MOTOR CO,2005,10-K,0000038009-06-000031
1577,AMERICAN TECHNICAL CERAMICS CORP,2005,10-K,0000950136-05-006243
1577,AMERICAN TECHNICAL CERAMICS CORP,2006,10-K,0000950136-06-008022
6104,INTERNATIONAL PAPER CO /NEW/,2004,10-K,0000950117-05-000925
6104,INTERNATIONAL PAPER CO /NEW/,2005,10-K/A,0001193125-06-047118
6104,INTERNATIONAL PAPER CO /NEW/,2005,10-K,0001193125-06-046215
8293,PAXAR CORP,2005,10-K/A,0001157523-06-002716
8293,PAXAR CORP,2004,10-K,0001157523-05-002543
8293,PAXAR CORP,2005,10-K,0001157523-06-002603
28742,BORGWARNER INC,2004,10-K,0000950137-05-003025
28742,BORGWARNER INC,2005,10-K,0000950137-06-002007
3243,CITIGROUP INC,2004,10-K,0001047469-05-004988
3243,CITIGROUP INC,2005,10-K,0001047469-06-002377
3243,CITIGROUP GLOBAL MARKETS HOLDINGS INC,2004,10-K,0000950123-05-003339
4608,FEDERAL SIGNAL CORP /DE/,2005,10-K,0000950137-06-002144
4608,FEDERAL SIGNAL CORP /DE/,2004,10-K,0000950137-05-003146
4608,FEDERAL SIGNAL CORP /DE/,2004,10-K/A,0000950137-05-003300
2953,CHECKPOINT SYSTEMS INC,2005,10-K,0000950116-06-000758
2953,CHECKPOINT SYSTEMS INC,2004,10-K,0000950116-05-000986
160255,HOSPIRA INC,2005,10-K,0001047469-06-003426
160255,HOSPIRA INC,2004,10-K,0001047469-05-007312
11096,VALSPAR CORP,2004,10-K,0000897101-05-000085
11096,VALSPAR CORP,2005,10-K,0000897101-06-000075
8463,PENTAIR INC,2005,10-K,0000950134-06-003965
8463,PENTAIR INC,2004,10-K,0001193125-05-047835
1380,AMERADA HESS CORP,2004,10-K,0000950123-05-003078
1380,AMERADA HESS CORP,2005,10-K,0000950123-06-002849
3221,AON CORP,2004,10-K,0001047469-05-006608
3221,AON CORP,2005,10-K,0001047469-06-003130
60893,PROQUEST CO,2005,10-K,0001193125-05-053815
28176,APTARGROUP INC,2004,10-K,0000950137-05-002363
28176,APTARGROUP INC,2005,10-K,0000950137-06-002247
9340,VALEANT PHARMACEUTICALS INTERNATIONAL,2005,10-K,0000950137-06-003139
9340,VALEANT PHARMACEUTICALS INTERNATIONAL,2004,10-K,0000950137-05-003100
144435,BUNGE LTD,2004,10-K,0001047469-05-006732
144435,Bunge LTD,2005,10-K,0001104659-06-016958
24925,ROPER INDUSTRIES INC /DE/,2005,10-K,0000882835-06-000009
24925,ROPER INDUSTRIES INC /DE/,2004,10-K,0000882835-05-000004
14324,ALTERA CORP,2004,10-K,0001193125-05-047783
14324,ALTERA CORP,2005,10-K,0001193125-06-053555
29095,MERCURY INTERACTIVE CORP,2004,10-K,0001193125-05-049592
29095,MERCURY INTERACTIVE CORP,2004,10-K/A,0001193125-06-141393
6557,LAIDLAW INTERNATIONAL INC,2005,10-K,0000950137-05-013829
6557,LAIDLAW INTERNATIONAL INC,2004,10-K,0000950137-04-010038
31887,RESMED INC,2006,10-K,0001193125-06-189387
31887,RESMED INC,2005,10-K,0001193125-05-184704
155934,SIRVA INC,2004,10-K,0001104659-05-057114
14592,ALLIANCEBERNSTEIN HOLDING L.P.,2005,10-K,0001104659-06-011930
14592,ALLIANCE CAPITAL MANAGEMENT HOLDING LP,2004,10-K,0001104659-05-010988
3835,DEERE &amp; CO,2005,10-K,0001104659-05-061732
3835,DEERE &amp; CO,2004,10-K,0001104659-04-040625
4213,ECOLAB INC,2004,10-K,0001104659-05-009384
4213,ECOLAB INC,2005,10-K,0001104659-06-012710
63637,MILLENNIUM CHEMICALS INC,2004,10-K,0001193125-05-052549
63637,MILLENNIUM CHEMICALS INC,2003,10-K/A,0001193125-05-029152
63637,MILLENNIUM CHEMICALS INC,2005,10-K,0001193125-06-054765
8479,PEPSICO INC,2005,10-K,0001193125-06-039968
8479,PEPSICO INC,2004,10-K,0001193125-05-037811
4885,FRANKLIN RESOURCES INC,2005,10-K,0001193125-05-242624
4885,FRANKLIN RESOURCES INC,2005,10-K/A,0001193125-06-022263
4885,FRANKLIN RESOURCES INC,2004,10-K,0000038777-04-000612
28590,BRINKS CO,2004,10-K,0000078890-05-000014
28590,BRINKS CO,2005,10-K,0000078890-06-000012
27980,JARDEN CORP,2004,10-K/A,0000950136-05-002455
27980,JARDEN CORP,2004,10-K/A,0000950136-05-002886
27980,JARDEN CORP,2004,10-K,0000950136-05-001118
27980,JARDEN CORP,2005,10-K,0001193125-06-049130
3439,CONSUMERS ENERGY CO,2004,10-K,0000950124-05-001425
3439,CMS ENERGY CORP,2003,10-K/A,0000950124-04-006283
3439,CONSUMERS ENERGY CO,2005,10-K,0000950124-06-000851
3439,CMS ENERGY CORP,2005,10-K/A,0000950124-06-003181
3439,CMS ENERGY CORP,2004,10-K/A,0000950124-05-004034
7409,MILLIPORE CORP /MA,2004,10-K,0001193125-05-052775
7409,MILLIPORE CORP /MA,2005,10-K,0001193125-06-055044
29028,COSTCO WHOLESALE CORP /NEW,2005,10-K,0001193125-05-223245
29028,COSTCO WHOLESALE CORP /NEW,2004,10-K,0001193125-04-195535
15084,BURLINGTON RESOURCES INC,2005,10-K,0000950129-06-002048
15084,BURLINGTON RESOURCES INC,2004,10-K,0000950129-05-001767
8810,PUBLIC SERVICE ENTERPRISE GROUP INC,2004,10-K/A,0001047469-05-011819
8810,PUBLIC SERVICE ENTERPRISE GROUP INC,2004,10-K,0000950117-05-000790
8810,PUBLIC SERVICE ENTERPRISE GROUP INC,2005,10-K,0000950117-06-000927
61566,IDX SYSTEMS CORP,2004,10-K,0001193125-05-050697
8219,OXFORD INDUSTRIES INC,2006,10-K,0000950144-06-007947
8219,OXFORD INDUSTRIES INC,2005,10-K,0000950144-05-008828
1704,APPLIED MATERIALS INC /DE,2004,10-K,0000950134-04-019339
1704,APPLIED MATERIALS INC /DE,2005,10-K,0000950134-05-023162
63800,IMS HEALTH INC,2004,10-K,0001047469-05-006554
63800,IMS HEALTH INC,2005,10-K,0001047469-06-002224
155735,AMIS HOLDINGS INC,2004,10-K,0000950124-05-001447
155735,AMIS HOLDINGS INC,2005,10-K,0000950124-06-001233
61398,LECROY CORP,2005,10-K,0000890163-05-000460
61398,LECROY CORP,2006,10-K,0000890163-06-000611
2111,BECTON DICKINSON &amp; CO,2005,10-K,0000950117-05-004677
2111,BECTON DICKINSON &amp; CO,2004,10-K,0000950117-04-004429
65399,ARVINMERITOR INC,2005,10-K,0001206774-05-001868
65399,ARVINMERITOR INC,2004,10-K,0000950123-04-014830
2771,CARLISLE COMPANIES INC,2005,10-K,0001104659-06-016056
2771,CARLISLE COMPANIES INC,2004,10-K,0001104659-05-010191
6376,KELLWOOD CO,2005,10-K/A,0001068800-06-000042
6376,KELLWOOD CO,2005,10-K/A,0001068800-05-000329
6376,KELLWOOD CO,2005,10-K,0001068800-05-000178
6376,KELLWOOD CO,2006,10-K,0001068800-06-000204
7250,MENTOR CORP /MN/,2006,10-K,0000064892-06-000023
7250,MENTOR CORP /MN/,2005,10-K,0001003297-05-000189
7250,MENTOR CORP /MN/,2005,10-K/A,0000064892-05-000041
61567,ESTEE LAUDER COMPANIES INC,2004,10-K/A,0001104659-04-033932
61567,ESTEE LAUDER COMPANIES INC,2005,10-K,0001104659-05-042689
61567,ESTEE LAUDER COMPANIES INC,2006,10-K,0001104659-06-057258
7401,MILLER HERMAN INC,2006,10-K,0000950124-06-004085
7401,MILLER HERMAN INC,2005,10-K/A,0000926044-06-000148
7401,MILLER HERMAN INC,2005,10-K,0000926044-05-000367
7065,"MARSH &amp; MCLENNAN COMPANIES, INC.",2004,10-K,0000062709-05-000062
7065,"MARSH &amp; MCLENNAN COMPANIES, INC.",2005,10-K,0001145443-06-000555
7257,MERCK &amp; CO INC,2004,10-K,0000950123-05-003003
7257,MERCK &amp; CO INC,2005,10-K,0000950123-06-003031
9937,SPECTRUM CONTROL INC,2005,10-K,0001193125-06-039727
9937,SPECTRUM CONTROL INC,2004,10-K,0001193125-05-034977
157858,FREESCALE SEMICONDUCTOR INC,2005,10-K,0001193125-06-028941
157858,FREESCALE SEMICONDUCTOR INC,2004,10-K,0001193125-05-040120
165993,"Fidelity National Information Services, Inc.",2005,10-K,0000950134-06-005253
165993,"Fidelity National Information Services, Inc.",2005,10-K/A,0000892569-06-000615
165993,CERTEGY INC,2004,10-K,0001193125-05-048033
4087,DUPONT E I DE NEMOURS &amp; CO,2005,10-K,0001047469-06-002614
4087,DUPONT E I DE NEMOURS &amp; CO,2004,10-K,0001047469-05-005183
61763,ELIZABETH ARDEN INC,2005,10-K,0001193125-05-184500
61763,ELIZABETH ARDEN INC,2006,10-K,0001193125-06-188740
11566,WOLVERINE WORLD WIDE INC /DE/,2005,10-K,0000905729-06-000156
11566,WOLVERINE WORLD WIDE INC /DE/,2005,10-K,0000905729-05-000124
64397,AVOCENT CORP,2005,10-K,0001104659-06-014293
64397,AVOCENT CORP,2004,10-K,0001104659-05-010863
157118,TNS INC,2004,10-K,0001047469-05-008536
157118,TNS INC,2005,10-K,0001104659-06-017241
157118,TNS INC,2005,10-K/A,0001104659-06-048178
14477,WASTE MANAGEMENT INC,2004,10-K,0000950129-05-001427
14477,WASTE MANAGEMENT INC,2005,10-K,0000950129-06-001649
31166,GUIDANT CORP,2004,10-K,0000950134-05-003127
31166,GUIDANT CORP,2005,10-K,0000950137-06-002115
10816,USG CORP,2005,10-K,0000950134-06-002721
10816,USG CORP,2004,10-K,0000950137-05-001958
31168,RSA SECURITY INC/DE/,2005,10-K/A,0000950135-06-002198
31168,RSA SECURITY INC/DE/,2004,10-K,0000950135-05-001389
31168,RSA SECURITY INC/DE/,2005,10-K,0000950135-06-001626
6036,INTERGRAPH CORP,2003,10-K/A,0000950144-04-010733
6036,INTERGRAPH CORP,2005,10-K,0000351145-06-000009
6036,INTERGRAPH CORP,2004,10-K,0000351145-05-000009
14412,SOTHEBYS HOLDINGS INC,2004,10-K,0000950117-05-000990
14412,SOTHEBYS HOLDINGS INC,2005,10-K,0000950117-06-001222
25167,MENS WEARHOUSE INC,2005,10-K,0000950129-05-004258
25167,MENS WEARHOUSE INC,2006,10-K,0000950129-06-003934
16721,ELECTRONIC ARTS INC,2006,10-K,0000950134-06-011401
16721,ELECTRONIC ARTS INC,2005,10-K,0000891618-05-000406
65643,FAIRCHILD SEMICONDUCTOR INTERNATIONAL INC,2004,10-K,0000950135-05-001344
65643,FAIRCHILD SEMICONDUCTOR INTERNATIONAL INC,2005,10-K,0000950135-06-001517
6268,JOHNSON CONTROLS INC,2004,10-K,0000950137-04-010523
6268,JOHNSON CONTROLS INC,2004,10-K/A,0000950137-05-009910
6268,JOHNSON CONTROLS INC,2005,10-K,0000950137-05-014746
8762,PROCTER &amp; GAMBLE CO,2006,10-K,0000950152-06-007291
8762,PROCTER &amp; GAMBLE CO,2005,10-K,0000950152-05-007351
1878,AUTODESK INC,2005,10-K,0001193125-05-067261
1878,AUTODESK INC,2006,10-K,0001193125-06-068809
15708,ALLERGAN INC,2004,10-K,0000950137-05-002808
15708,ALLERGAN INC,2005,10-K,0000892569-06-000217
30219,BLYTH INC,2006,10-K,0001104659-06-024679
30219,BLYTH INC,2005,10-K,0001104659-05-016641
4199,EATON CORP,2005,10-K,0000950152-06-001969
4199,EATON CORP,2004,10-K,0000950152-05-002013
30477,MATTHEWS INTERNATIONAL CORP,2005,10-K,0000063296-05-000071
30477,MATTHEWS INTERNATIONAL CORP,2004,10-K,0000063296-04-000063
6266,JOHNSON &amp; JOHNSON,2006,10-K,0000950123-06-003129
6266,JOHNSON &amp; JOHNSON,2005,10-K,0000950123-05-003140
6008,INTEL CORP,2005,10-K,0000891618-06-000089
6008,INTEL CORP,2004,10-K,0001193125-05-033162
3121,CLOROX CO /DE/,2005,10-K,0001104659-05-042311
3121,CLOROX CO /DE/,2006,10-K,0000950134-06-016835
7116,MATTEL INC /DE/,2004,10-K,0001193125-05-044603
7116,MATTEL INC /DE/,2005,10-K,0001193125-06-039887
29392,EASTMAN CHEMICAL CO,2005,10-K,0000915389-06-000017
29392,EASTMAN CHEMICAL CO,2004,10-K,0000915389-05-000023
12540,ADOBE SYSTEMS INC,2004,10-K,0001047469-05-002143
12540,ADOBE SYSTEMS INC,2005,10-K,0001047469-06-001601
12124,MORGAN STANLEY,2004,10-K,0001193125-05-025463
12124,MORGAN STANLEY,2005,10-K,0001193125-06-028736
120877,REYNOLDS AMERICAN INC,2004,10-K,0000950144-05-002273
120877,REYNOLDS AMERICAN INC,2005,10-K,0000950144-06-001530
120877,REYNOLDS AMERICAN INC,2004,10-K/A,0000950144-05-005767
120444,WESCO INTERNATIONAL INC,2005,10-K,0000950152-06-002136
120444,WESCO INTERNATIONAL INC,2004,10-K,0000950152-05-001807
28214,INTERPOOL INC,2005,10-K,0000899681-06-000184
28214,INTERPOOL INC,2004,10-K,0000899681-05-000274
28214,INTERPOOL INC,2004,10-K/A,0000899681-05-000691
28214,INTERPOOL INC,2004,10-K/A,0000899681-05-000378
28214,INTERPOOL INC,2003,10-K/A,0000899681-05-000434
3144,COCA COLA CO,2005,10-K,0001047469-06-002588
3144,COCA COLA CO,2004,10-K,0001047469-05-005411
133430,MOLDFLOW CORP,2005,10-K,0000950135-05-005362
133430,MOLDFLOW CORP,2006,10-K,0000950135-06-005716
12141,MICROSOFT CORP,2005,10-K,0001193125-05-174825
12141,MICROSOFT CORP,2006,10-K,0001193125-06-180008
14084,ALBANY INTERNATIONAL CORP /DE/,2004,10-K,0001145443-05-000454
14084,ALBANY INTERNATIONAL CORP /DE/,2005,10-K,0001145443-06-000597
1246,IKON OFFICE SOLUTIONS INC,2004,10-K/A,0001193125-05-139701
1246,IKON OFFICE SOLUTIONS INC,2004,10-K,0001193125-04-211197
1246,IKON OFFICE SOLUTIONS INC,2005,10-K,0000893220-05-002873
5878,ILLINOIS TOOL WORKS INC,2005,10-K,0000950137-06-002224
5878,ILLINOIS TOOL WORKS INC,2004,10-K,0000950137-05-002667
5878,ILLINOIS TOOL WORKS INC,2004,10-K/A,0000950137-05-002904
156861,TEMPUR PEDIC INTERNATIONAL INC,2004,10-K,0001193125-05-044732
156861,TEMPUR PEDIC INTERNATIONAL INC,2005,10-K,0001193125-06-052513
113419,CONVERGYS CORP,2004,10-K,0001193125-05-041709
113419,CONVERGYS CORP,2005,10-K,0001193125-06-046129
143356,PRUDENTIAL FINANCIAL INC,2004,10-K,0001193125-05-045535
143356,PRUDENTIAL FINANCIAL INC,2004,10-K/A,0001193125-06-032776
143356,PRUDENTIAL FINANCIAL INC,2005,10-K/A,0001193125-06-055791
143356,PRUDENTIAL FINANCIAL INC,2005,10-K,0001193125-06-041378
14450,WOLVERINE TUBE INC,2004,10-K,0000950144-05-002643
14450,WOLVERINE TUBE INC,2005,10-K,0000950144-06-002388
24800,QUALCOMM INC/DE,2005,10-K,0000936392-05-000362
24800,QUALCOMM INC/DE,2004,10-K,0000936392-04-000858
65896,OYO GEOSPACE CORP,2004,10-K,0001193125-04-208792
65896,OYO GEOSPACE CORP,2005,10-K,0001193125-05-247590
5250,W R GRACE &amp; CO,2005,10-K,0000950136-06-001861
5250,W R GRACE &amp; CO,2004,10-K,0000950136-05-001184
7163,MCGRAW-HILL COMPANIES INC,2005,10-K,0000950123-06-002219
7163,MCGRAW-HILL COMPANIES INC,2004,10-K,0000950123-05-002243
146017,ACUITY BRANDS INC,2004,10-K,0001193125-04-181807
146017,ACUITY BRANDS INC,2005,10-K,0001193125-05-213128
27845,WATSON PHARMACEUTICALS INC,2005,10-K,0001104659-06-015868
27845,WATSON PHARMACEUTICALS INC,2004,10-K,0001047469-05-006534
2086,BAXTER INTERNATIONAL INC,2004,10-K,0001193125-05-052405
2086,BAXTER INTERNATIONAL INC,2005,10-K,0000950137-06-002686
2086,BAXTER INTERNATIONAL INC,2003,10-K/A,0001193125-05-049548
64745,KNOLL INC,2005,10-K,0001193125-06-056535
64745,KNOLL INC,2004,10-K,0001193125-05-066391
10639,TOYS R US INC,2006,10-K,0001193125-06-093096
10639,TOYS R US INC,2005,10-K,0001193125-05-090701
7951,MOVADO GROUP INC,2006,10-K/A,0000950142-06-000922
7951,MOVADO GROUP INC,2006,10-K,0000950123-06-004587
7951,MOVADO GROUP INC,2005,10-K,0000950123-05-004625
14863,GENLYTE GROUP INC,2005,10-K,0000833076-06-000006
14863,GENLYTE GROUP INC,2004,10-K,0001104659-05-014394
126554,AGILENT TECHNOLOGIES INC,2005,10-K,0001047469-06-000516
126554,AGILENT TECHNOLOGIES INC,2004,10-K,0001193125-04-216917
62689,ST PAUL TRAVELERS COMPANIES INC,2005,10-K,0001104659-06-012299
62689,ST PAUL TRAVELERS COMPANIES INC,2004,10-K,0001193125-05-052696
2044,BARD C R INC /NJ/,2004,10-K,0001193125-05-038606
2044,BARD C R INC /NJ/,2005,10-K,0001193125-06-037819
9004,REEBOK INTERNATIONAL LTD,2004,10-K,0001047469-05-005743
9004,REEBOK INTERNATIONAL LTD,2004,10-K/A,0001104659-05-061309
9699,SIGMA ALDRICH CORP,2005,10-K,0001193125-06-053737
9699,SIGMA ALDRICH CORP,2004,10-K,0001193125-05-048970
2271,BLOUNT INTERNATIONAL INC,2003,10-K/A,0000950157-04-000911
2271,BLOUNT INTERNATIONAL INC,2004,10-K,0001104659-05-009942
2271,BLOUNT INTERNATIONAL INC,2005,10-K,0001104659-06-015817
1632,ANALOG DEVICES INC,2005,10-K,0000950135-05-006610
1632,ANALOG DEVICES INC,2004,10-K,0000950135-04-005529
24468,BIOGEN IDEC INC,2005,10-K,0000950135-06-001384
24468,BIOGEN IDEC INC,2004,10-K,0000950135-05-001792
11115,VARIAN MEDICAL SYSTEMS INC,2004,10-K,0001104659-04-039471
11115,VARIAN MEDICAL SYSTEMS INC,2005,10-K,0001104659-05-060358
25124,PRAXAIR INC,2005,10-K,0000884905-06-000030
25124,PRAXAIR INC,2004,10-K,0000884905-05-000075
118003,PEROT SYSTEMS CORP,2004,10-K,0000950134-05-004503
118003,PEROT SYSTEMS CORP,2005,10-K,0000950134-06-003959
7904,NICOR INC,2004,10-K,0000072020-05-000007
7904,NICOR INC,2005,10-K,0000072020-06-000008
2812,DOLE FOOD COMPANY INC,2005,10-K,0000950137-06-004586
2812,DOLE FOOD COMPANY INC,2005,10-K,0000950137-05-004039
64389,SILGAN HOLDINGS INC,2004,10-K,0000849869-05-000012
64389,SILGAN HOLDINGS INC,2005,10-K,0001193125-06-053598
10056,STEPAN CO,2005,10-K,0001193125-06-045672
10056,STEPAN CO,2004,10-K,0001193125-05-042706
7366,ENTERGY CORP /DE/,2004,10-K,0000065984-05-000147
7366,ENTERGY CORP /DE/,2005,10-K,0000065984-06-000119
7154,MCDONALDS CORP,2005,10-K,0001193125-06-039862
7154,MCDONALDS CORP,2004,10-K,0001193125-05-042609
9698,SIFCO INDUSTRIES INC,2004,10-K,0000950152-04-009016
9698,SIFCO INDUSTRIES INC,2005,10-K,0000950152-05-010016
4510,FMC CORP,2005,10-K,0001193125-06-048313
4510,FMC CORP,2004,10-K,0001193125-05-049229
4510,FMC CORP,2005,10-K/A,0001193125-06-068846
9459,SCHERING PLOUGH CORP,2004,10-K/A,0000950123-05-003861
9459,SCHERING PLOUGH CORP,2004,10-K,0000950123-05-002785
9459,SCHERING PLOUGH CORP,2005,10-K,0000950123-06-002367
4941,GATX CORP,2005,10-K/A,0000950137-06-003638
4941,GATX CORP,2005,10-K,0000950137-06-002873
4941,GATX CORP,2004,10-K,0000950137-05-002962
1602,AMGEN INC,2005,10-K,0001104659-06-015851
1602,AMGEN INC,2004,10-K,0000950129-05-002159
3969,DIODES INC /DEL/,2005,10-K,0001144204-06-010106
3969,DIODES INC /DEL/,2004,10-K,0001144204-05-007853
3969,DIODES INC /DEL/,2005,10-K/A,0000029002-05-000010
10609,TOOTSIE ROLL INDUSTRIES INC,2005,10-K,0001047469-06-003397
10609,TOOTSIE ROLL INDUSTRIES INC,2004,10-K,0001047469-05-006676
4145,PERKINELMER INC,2006,10-K,0001193125-06-058022
4145,PERKINELMER INC,2005,10-K,0001193125-05-048036
110039,AMKOR TECHNOLOGY INC,2004,10-K/A,0000950153-05-001357
110039,AMKOR TECHNOLOGY INC,2005,10-K,0000950153-06-000688
110039,AMKOR TECHNOLOGY INC,2004,10-K,0000893220-05-000695
6552,LAFARGE NORTH AMERICA INC,2005,10-K/A,0000950133-06-002101
6552,LAFARGE NORTH AMERICA INC,2004,10-K,0000950133-05-000801
6552,LAFARGE NORTH AMERICA INC,2005,10-K,0000950133-06-000946
16478,EOG RESOURCES INC,2004,10-K,0000821189-05-000054
16478,EOG RESOURCES INC,2005,10-K,0000821189-06-000040
6109,INTERNATIONAL RECTIFIER CORP /DE/,2005,10-K,0001104659-05-044537
6109,INTERNATIONAL RECTIFIER CORP /DE/,2006,10-K,0001104659-06-061467
30718,METROLOGIC INSTRUMENTS INC,2004,10-K,0000815910-05-000025
30718,METROLOGIC INSTRUMENTS INC,2005,10-K,0000815910-06-000032
10115,STRYKER CORP,2004,10-K,0000310764-05-000008
10115,STRYKER CORP,2005,10-K,0000310764-06-000040
118577,INVITROGEN CORP,2004,10-K/A,0001193125-05-107298
118577,INVITROGEN CORP,2004,10-K/A,0001193125-05-104290
118577,INVITROGEN CORP,2004,10-K,0001193125-05-035182
118577,INVITROGEN CORP,2005,10-K,0001193125-06-042488
7017,MARATHON OIL CORP,2005,10-K,0000950129-06-002297
7017,MARATHON OIL CORP,2004,10-K,0001047469-05-006086
1913,AVERY DENNISON CORPORATION,2005,10-K,0001193125-05-054130
1913,AVERY DENNISON CORPORATION,2005,10-K,0000950129-06-002659
137131,CHARLES RIVER LABORATORIES INTERNATIONAL INC,2004,10-K,0001047469-05-005909
137131,CHARLES RIVER LABORATORIES INTERNATIONAL INC,2005,10-K,0001104659-06-016438
137131,CHARLES RIVER LABORATORIES INTERNATIONAL INC,2004,10-K/A,0001047469-05-006307
10540,THOMAS &amp; BETTS CORP,2005,10-K,0000950134-06-003788
10540,THOMAS &amp; BETTS CORP,2004,10-K,0000950134-05-004237
12441,GARTNER INC,2005,10-K,0000950123-06-003019
12441,GARTNER INC,2004,10-K,0000950123-05-003248
1914,AVIALL INC,2004,10-K,0001193125-05-052283
1914,AVIALL INC,2005,10-K,0001193125-06-045046
12886,NEWS CORP,2006,10-K,0001193125-06-178355
12886,NEWS CORP,2005,10-K,0001193125-05-179099
11600,WORTHINGTON INDUSTRIES INC,2006,10-K,0001193125-06-170895
11600,WORTHINGTON INDUSTRIES INC,2005,10-K,0001193125-05-167952
139665,MOODYS CORP /DE/,2004,10-K,0000950123-05-002773
139665,MOODYS CORP /DE/,2005,10-K,0001193125-06-041923
9772,SMITH INTERNATIONAL INC,2004,10-K,0000950129-05-002439
9772,SMITH INTERNATIONAL INC,2005,10-K,0000950129-06-002581
133367,ENERGIZER HOLDINGS INC,2004,10-K,0001096752-04-000134
133367,ENERGIZER HOLDINGS INC,2005,10-K/A,0001096752-06-000023
133367,ENERGIZER HOLDINGS INC,2005,10-K/A,0001096752-06-000032
133367,ENERGIZER HOLDINGS INC,2005,10-K,0001096752-05-000157
65772,METTLER TOLEDO INTERNATIONAL INC/,2004,10-K,0000950152-05-001513
65772,METTLER TOLEDO INTERNATIONAL INC/,2005,10-K,0000950152-06-001354
1971,BAIRNCO CORP /DE/,2004,10-K,0000350750-05-000011
1971,BAIRNCO CORP /DE/,2005,10-K,0000350750-06-000009
27965,MICROCHIP TECHNOLOGY INC,2006,10-K,0001104659-06-038580
27965,MICROCHIP TECHNOLOGY INC,2005,10-K,0001104659-05-025010
11609,WRIGLEY WM JR CO,2003,10-K/A,0001206774-05-000118
11609,WRIGLEY WM JR CO,2005,10-K,0001206774-06-000260
11609,WRIGLEY WM JR CO,2004,10-K/A,0001206774-05-000228
11609,WRIGLEY WM JR CO,2004,10-K,0001206774-05-000161
6196,ANIXTER INTERNATIONAL INC,2005,10-K,0000950137-06-002223
6196,ANIXTER INTERNATIONAL INC,2004,10-K/A,0000950137-05-003040
6196,ANIXTER INTERNATIONAL INC,2004,10-K,0000950137-05-002151
11060,V F CORP,2005,10-K,0000893220-05-000519
11060,V F CORP,2005,10-K,0000893220-06-000503
7420,MINE SAFETY APPLIANCES CO,2004,10-K,0001193125-05-049299
7420,MINE SAFETY APPLIANCES CO,2005,10-K,0001193125-06-046204
11094,VALMONT INDUSTRIES INC,2005,10-K,0001104659-06-016322
11094,VALMONT INDUSTRIES INC,2004,10-K,0001104659-05-009963
3246,COMMERCIAL METALS CO,2005,10-K,0000950134-05-021079
3246,COMMERCIAL METALS CO,2004,10-K,0000950134-04-017154
10374,TECHNITROL INC,2005,10-K,0001169232-06-001442
10374,TECHNITROL INC,2004,10-K,0001169232-05-001375
14182,AMCOL INTERNATIONAL CORP,2004,10-K/A,0001275287-05-001577
14182,AMCOL INTERNATIONAL CORP,2005,10-K/A,0001275287-06-001805
14182,AMCOL INTERNATIONAL CORP,2005,10-K,0001275287-06-001442
14182,AMCOL INTERNATIONAL CORP,2004,10-K,0001275287-05-001131
14182,AMCOL INTERNATIONAL CORP,2005,10-K/A,0001275287-06-001528
14182,AMCOL INTERNATIONAL CORP,2004,10-K/A,0001275287-05-001592
12216,LINEAR TECHNOLOGY CORP /CA/,2005,10-K/A,0000950005-05-000636
12216,LINEAR TECHNOLOGY CORP /CA/,2005,10-K,0000950005-05-000633
12216,LINEAR TECHNOLOGY CORP /CA/,2006,10-K,0000791907-06-000006
2555,CPI CORP,2005,10-K,0001169232-05-002236
2555,CPI CORP,2006,10-K,0000025354-06-000014
8606,PITNEY BOWES INC /DE/,2004,10-K,0001206774-05-000278
8606,PITNEY BOWES INC /DE/,2005,10-K/A,0000930413-06-005881
8606,PITNEY BOWES INC /DE/,2005,10-K,0001206774-06-000420
3480,ARBITRON INC,2004,10-K,0000950133-05-000935
3480,CERIDIAN CORP /DE/,2005,10-K,0001104659-06-017273
3480,ARBITRON INC,2005,10-K,0000950133-06-000895
3480,CERIDIAN CORP /DE/,2003,10-K/A,0000950134-05-003402
3480,CERIDIAN CORP /DE/,2004,10-K,0001104659-05-017373
2136,VERIZON COMMUNICATIONS INC,2004,10-K,0001193125-05-049044
2136,VERIZON COMMUNICATIONS INC,2005,10-K,0001193125-06-053710
62730,POLYCOM INC,2004,10-K,0001193125-05-046602
62730,POLYCOM INC,2005,10-K,0001193125-06-051060
11456,WEYERHAEUSER CO,2004,10-K,0001193125-05-041798
11456,WEYERHAEUSER CO,2005,10-K,0001193125-06-036731
12471,WORLD FUEL SERVICES CORP,2005,10-K/A,0001193125-06-095420
12471,WORLD FUEL SERVICES CORP,2005,10-K,0001193125-06-056673
12471,WORLD FUEL SERVICES CORP,2004,10-K,0001193125-05-067072
12471,WORLD FUEL SERVICES CORP,2004,10-K/A,0001193125-05-099486
7486,MODINE MANUFACTURING CO,2006,10-K,0000067347-06-000113
7486,MODINE MANUFACTURING CO,2005,10-K,0000067347-05-000173
8253,PACCAR INC,2004,10-K,0001104659-05-009484
8253,PACCAR INC,2005,10-K,0001104659-06-012138
4036,DONALDSON CO INC,2005,10-K,0000897101-05-002127
2751,CARDINAL HEALTH INC,2004,10-K,0000950152-04-007635
2751,CARDINAL HEALTH INC,2005,10-K/A,0000950152-05-008943
2751,CARDINAL HEALTH INC,2006,10-K,0001193125-06-184453
2751,CARDINAL HEALTH INC,2005,10-K,0000950152-05-007585
7647,BANK OF AMERICA CORP /DE/,2004,10-K,0001193125-05-039878
7647,BANK OF AMERICA CORP /DE/,2005,10-K,0001193125-06-056053
9372,ST JUDE MEDICAL INC,2005,10-K,0000897101-06-000598
9372,ST JUDE MEDICAL INC,2004,10-K,0000897101-05-000696
3278,CENDANT CORP,2005,10-K,0000950123-06-002437
3278,CENDANT CORP,2004,10-K,0000950123-05-002491
2950,CHATTEM INC,2004,10-K,0001072613-05-000298
2950,CHATTEM INC,2005,10-K,0001072613-06-000481
64690,AUTOLIV INC,2004,10-K,0001034670-05-000030
64690,AUTOLIV INC,2005,10-K,0001034670-06-000029
5518,HASBRO INC,2004,10-K,0001047469-05-005891
5518,HASBRO INC,2005,10-K,0000950135-06-001133
15855,SYMANTEC CORP,2005,10-K/A,0000891618-05-000433
15855,SYMANTEC CORP,2004,10-K/A,0000950134-05-010334
15855,SYMANTEC CORP,2006,10-K,0000891618-06-000254
15855,SYMANTEC CORP,2005,10-K,0000950134-05-012034
2968,J P MORGAN CHASE &amp; CO,2004,10-K/A,9999999997-05-030472
2968,J P MORGAN CHASE &amp; CO,2004,10-K,0000950123-05-002539
2968,J P MORGAN CHASE &amp; CO,2005,10-K,0000950123-06-002875
2968,J P MORGAN CHASE &amp; CO,2005,10-K/A,0000950123-06-009854
2968,J P MORGAN CHASE &amp; CO,2005,10-K/A,0000950123-06-008545
2154,BEMIS CO INC,2005,10-K,0001104659-06-016718
2154,BEMIS CO INC,2004,10-K,0001104659-05-010653
8655,POGO PRODUCING CO,2005,10-K,0001104659-06-013524
8655,POGO PRODUCING CO,2004,10-K,0001104659-05-009767
133366,EDWARDS LIFESCIENCES CORP,2005,10-K,0001047469-06-003132
133366,EDWARDS LIFESCIENCES CORP,2004,10-K,0001047469-05-005556
5723,STARWOOD HOTEL &amp; RESORTS WORLDWIDE INC,2005,10-K,0000950153-06-000650
5723,STARWOOD HOTELS &amp; RESORTS,2004,10-K,0000950153-05-000427
3612,CROSS A T CO,2005,10-K,0000025793-05-000020
3612,CROSS A T CO,2005,10-K,0000025793-06-000012
24975,SYNOPSYS INC,2004,10-K,0001047469-05-000652
24975,SYNOPSYS INC,2005,10-K,0001104659-06-001880
24975,SYNOPSYS INC,2004,10-K/A,0001104659-05-034477
13700,DENTSPLY INTERNATIONAL INC /DE/,2005,10-K,0000818479-06-000014
13700,DENTSPLY INTERNATIONAL INC /DE/,2004,10-K,0000818479-05-000019
13948,CONSUMERS ENERGY CO,2004,10-K,0000950124-05-001425
13948,CMS ENERGY CORP,2003,10-K/A,0000950124-04-006283
13948,CONSUMERS ENERGY CO,2005,10-K,0000950124-06-000851
13948,CMS ENERGY CORP,2005,10-K/A,0000950124-06-003181
13948,CMS ENERGY CORP,2004,10-K/A,0000950124-05-004034
7435,3M CO,2005,10-K,0001104659-06-010894
7435,3M CO,2004,10-K,0001104659-05-008057
14960,LABORATORY CORP OF AMERICA HOLDINGS,2006,10-K,0000920148-06-000067
14960,LABORATORY CORP OF AMERICA HOLDINGS,2005,10-K,0000920148-05-000049
8214,OWENS CORNING,2004,10-K/A,0000950172-05-000912
8214,OWENS CORNING,2004,10-K,0001193125-05-044604
8214,OWENS CORNING,2005,10-K,0001193125-06-036257
23978,UNITED STATES STEEL CORP,2005,10-K,0001193125-06-041454
23978,UNITED STATES STEEL CORP,2004,10-K,0001193125-05-037218
157057,ASSURANT INC,2005,10-K,0001193125-06-051258
157057,ASSURANT INC,2004,10-K,0000950123-05-003934
7636,MYERS INDUSTRIES INC,2005,10-K,0000950152-06-002199
7636,MYERS INDUSTRIES INC,2004,10-K/A,0000069488-05-000032
7636,MYERS INDUSTRIES INC,2004,10-K,0000950152-05-002215
61591,NETWORK APPLIANCE INC,2006,10-K,0000950134-06-013059
61591,NETWORK APPLIANCE INC,2005,10-K,0000950134-05-013074
3639,CUBIC CORP /DE/,2004,10-K,0001104659-04-038948
3639,CUBIC CORP /DE/,2005,10-K,0001104659-05-060610
12256,ADAPTEC INC,2006,10-K,0001047469-06-008428
12256,ADAPTEC INC,2005,10-K,0001047469-05-017228
64480,MACROVISION CORP,2003,10-K/A,0001206774-05-000503
64480,MACROVISION CORP,2004,10-K,0001206774-05-000504
64480,MACROVISION CORP,2005,10-K,0001193125-06-043226
4843,FOREST LABORATORIES INC,2006,10-K,0000038074-06-000035
4843,FOREST LABORATORIES INC,2005,10-K,0000038074-05-000018
110533,SAUER DANFOSS INC,2004,10-K,0001104659-05-010907
110533,SAUER DANFOSS INC,2005,10-K,0001104659-06-015860
2787,CARPENTER TECHNOLOGY CORP,2006,10-K/A,0001043039-06-000078
2787,CARPENTER TECHNOLOGY CORP,2006,10-K,0001193125-06-181084
2787,CARPENTER TECHNOLOGY CORP,2005,10-K,0001193125-05-182991
5764,HUBBELL INC,2005,10-K,0000950123-06-002794
5764,HUBBELL INC,2004,10-K,0000950123-05-002855
10793,TYSON FOODS INC,2005,10-K,0000100493-05-000077
10793,TYSON FOODS INC,2004,10-K,0000100493-04-000084
10793,TYSON FOODS INC,2006,10-K/A,0000100493-06-000009
66519,GENESIS MICROCHIP INC /DE,2005,10-K/A,0001193125-05-139648
66519,GENESIS MICROCHIP INC /DE,2005,10-K,0001193125-05-122928
66519,GENESIS MICROCHIP INC /DE,2006,10-K,0000950134-06-011568
8247,PPG INDUSTRIES INC,2004,10-K,0001193125-05-031817
8247,PPG INDUSTRIES INC,2005,10-K,0001193125-06-033428
160681,NMHG HOLDING CO,2004,10-K/A,0000950152-05-005764
160681,NMHG HOLDING CO,2005,10-K,0000950152-06-001531
160681,NMHG HOLDING CO,2005,10-K/A,0000950152-06-004377
160681,NMHG HOLDING CO,2005,10-K/A,0000950152-06-002817
160681,NMHG HOLDING CO,2004,10-K,0000950152-05-002160
27776,ROCKY SHOES &amp; BOOTS INC,2005,10-K,0000950152-06-002176
27776,ROCKY SHOES &amp; BOOTS INC,2004,10-K/A,0000950152-05-003021
27776,ROCKY SHOES &amp; BOOTS INC,2004,10-K,0000950152-05-002199
1762,ARMSTRONG WORLD INDUSTRIES INC,2003,10-K/A,0001193125-04-186228
1762,ARMSTRONG WORLD INDUSTRIES INC,2004,10-K,0001193125-05-065072
1762,ARMSTRONG HOLDINGS INC /PA/,2005,10-K,0001193125-06-038254
9359,SAFEWAY INC,2005,10-K,0001193125-06-050988
9359,SAFEWAY INC,2005,10-K,0001193125-05-052818
2577,CTS CORP,2005,10-K,0000026058-06-000015
2577,CTS CORP,2004,10-K,0000026058-05-000006
24197,IDEXX LABORATORIES INC /DE,2005,10-K,0000874716-06-000041
24197,IDEXX LABORATORIES INC /DE,2004,10-K,0000874716-05-000035
29015,DECKERS OUTDOOR CORP,2005,10-K,0000950129-06-002462
29015,DECKERS OUTDOOR CORP,2004,10-K,0000950129-05-002490
3607,Chemtura CORP,2005,10-K,0001104659-06-021363
3607,CROMPTON CORP,2004,10-K,0000950117-05-000981
6375,KELLOGG CO,2005,10-K,0000950124-05-001480
6375,KELLOGG CO,2005,10-K,0000950124-06-000896
5709,HORMEL FOODS CORP /DE/,2004,10-K,0001104659-05-001285
5709,HORMEL FOODS CORP /DE/,2005,10-K,0001104659-06-002096
7291,METHODE ELECTRONICS INC,2005,10-K,0000950137-05-008702
7291,METHODE ELECTRONICS INC,2006,10-K,0000950137-06-007779
61552,LEXMARK INTERNATIONAL INC /KY/,2005,10-K,0000950152-06-001859
61552,LEXMARK INTERNATIONAL INC /KY/,2004,10-K,0000950152-05-001915
2710,"CONSTELLATION BRANDS, INC.",2005,10-K,0000016918-05-000031
2710,"CONSTELLATION BRANDS, INC.",2006,10-K,0000016918-06-000033
8488,APPLERA CORP,2005,10-K,0001125282-05-004710
8488,APPLERA CORP,2006,10-K,0001125282-06-005280
1161,ADVANCED MICRO DEVICES INC,2005,10-K,0001193125-06-040130
1161,ADVANCED MICRO DEVICES INC,2004,10-K,0001193125-05-039876
12053,EMC CORP,2004,10-K,0000950135-05-001223
12053,EMC CORP,2005,10-K,0001193125-06-045961
25870,MINERALS TECHNOLOGIES INC,2005,10-K,0000891014-06-000048
25870,MINERALS TECHNOLOGIES INC,2004,10-K,0000891014-05-000081
3662,CURTISS WRIGHT CORP,2005,10-K,0000950117-06-001076
3662,CURTISS WRIGHT CORP,2004,10-K,0000950117-05-000989
145701,PRINCIPAL FINANCIAL GROUP INC,2005,10-K,0001047469-06-002772
145701,PRINCIPAL FINANCIAL GROUP INC,2004,10-K,0001047469-05-005426
1300,HONEYWELL INTERNATIONAL INC,2005,10-K,0000950117-06-000980
1300,HONEYWELL INTERNATIONAL INC,2004,10-K,0000950117-05-000756
4818,FLUOR CORP,2004,10-K/A,0000892569-05-000101
4818,MASSEY ENERGY CO,2004,10-K,0001193125-05-052563
4818,FLUOR CORP,2004,10-K,0000892569-05-000093
4818,FLUOR CORP,2005,10-K,0000892569-06-000202
4818,MASSEY ENERGY CO,2005,10-K,0001193125-06-056614
1104,ACME UNITED CORP,2004,10-K,0001026608-05-000015
1104,ACME UNITED CORP,2005,10-K,0001026608-06-000045
5568,HEINZ H J CO,2006,10-K,0000950152-06-005218
5568,HEINZ H J CO,2005,10-K,0000950152-05-005232
13128,ECOLOGY &amp; ENVIRONMENT INC,2004,10-K/A,0000809933-04-000022
13128,ECOLOGY &amp; ENVIRONMENT INC,2004,10-K,0000809933-04-000021
13128,ECOLOGY &amp; ENVIRONMENT INC,2005,10-K,0000809933-05-000019
1593,AMERON INTERNATIONAL CORP,2004,10-K,0001104659-05-006529
1593,AMERON INTERNATIONAL CORP,2005,10-K/A,0000790730-06-000002
1593,AMERON INTERNATIONAL CORP,2005,10-K,0000790730-06-000001
1593,AMERON INTERNATIONAL CORP,2004,10-K/A,0000790730-05-000002
5301,GREAT ATLANTIC &amp; PACIFIC TEA CO INC,2005,10-K,0000043300-05-000023
5301,GREAT ATLANTIC &amp; PACIFIC TEA CO INC,2006,10-K,0000043300-06-000025
2124,BEL FUSE INC /NJ,2004,10-K,0001144204-05-009461
2124,BEL FUSE INC /NJ,2004,10-K/A,0001144204-05-012806
2124,BEL FUSE INC /NJ,2005,10-K,0001144204-06-010168
1567,AMERICAN STANDARD COMPANIES INC,2004,10-K,0000950123-05-002201
1567,AMERICAN STANDARD COMPANIES INC,2005,10-K,0001193125-06-038742
1567,AMERICAN STANDARD COMPANIES INC,2004,10-K/A,0000950123-05-002541
9538,SEABOARD CORP /DE/,2004,10-K,0000088121-05-000004
9538,SEABOARD CORP /DE/,2005,10-K,0000088121-06-000002
3170,COLGATE PALMOLIVE CO,2005,10-K,0001193125-06-038891
3170,COLGATE PALMOLIVE CO,2004,10-K,0001193125-05-037145
6066,INTERNATIONAL BUSINESS MACHINES CORP,2004,10-K,0001047469-05-004595
6066,INTERNATIONAL BUSINESS MACHINES CORP,2005,10-K,0001047469-06-002608
14624,OFFICE DEPOT INC,2005,10-K,0000950144-06-001238
14624,OFFICE DEPOT INC,2004,10-K,0000950144-05-002321
8759,PRINTRONIX INC,2006,10-K,0000950137-06-007240
8759,PRINTRONIX INC,2005,10-K,0000950137-05-008451
4194,EASTMAN KODAK CO,2004,10-K,0001206774-05-000535
4194,EASTMAN KODAK CO,2005,10-K,0001206774-06-000357
2435,BROWN FORMAN CORP,2005,10-K,0000014693-05-000056
2435,BROWN FORMAN CORP,2006,10-K,0000014693-06-000065
12144,SUNGARD DATA SYSTEMS INC,2004,10-K,0001193125-05-051383
12144,SUNGARD DATA SYSTEMS INC,2005,10-K,0001193125-06-051307
9815,SONOCO PRODUCTS CO,2005,10-K,0000950144-06-001529
9815,SONOCO PRODUCTS CO,2004,10-K,0000950144-05-001972
9815,SONOCO PRODUCTS CO,2004,10-K/A,0000950144-05-006984
10277,TECO ENERGY INC,2004,10-K,0001193125-05-050920
10277,TECO ENERGY INC,2005,10-K,0001193125-06-046299
10277,TAMPA ELECTRIC CO,2004,10-K/A,0001193125-05-175561
9472,SCHULMAN A INC,2005,10-K,0000950152-05-009248
9472,SCHULMAN A INC,2004,10-K,0000950152-04-008336
11531,APPLICA INC,2005,10-K,0000950144-06-002340
11531,APPLICA INC,2004,10-K,0000950144-05-002645
11531,APPLICA INC,2003,10-K/A,0000950144-05-002568
2403,BRISTOL MYERS SQUIBB CO,2005,10-K,0001193125-06-052456
2403,BRISTOL MYERS SQUIBB CO,2004,10-K,0001193125-05-041808
2255,BLACK &amp; DECKER CORP,2005,10-K,0000012355-06-000052
2255,BLACK &amp; DECKER CORP,2004,10-K,0000012355-05-000031
1078,ABBOTT LABORATORIES,2005,10-K,0001047469-06-002258
1078,ABBOTT LABORATORIES,2004,10-K,0001047469-05-005185
65417,YUM BRANDS INC,2004,10-K,0001041061-05-000102
65417,YUM BRANDS INC,2006,10-K,0001041061-06-000109
65417,YUM BRANDS INC,2006,10-K/A,0001041061-06-000117
148756,CINEMARK INC,2005,10-K,0000950134-06-006055
148756,CINEMARK INC,2004,10-K,0000950134-05-006253
2034,BANTA CORP,2005,10-K,0000897069-06-000606
2034,BANTA CORP,2005,10-K,0000897069-05-000703
5229,GOODRICH CORP,2005,10-K,0000950144-06-001416
5229,GOODRICH CORP,2004,10-K,0000950144-05-001890
29156,UNIVERSAL FOREST PRODUCTS INC,2004,10-K,0000950124-05-001400
29156,UNIVERSAL FOREST PRODUCTS INC,2005,10-K,0000950124-06-001052
6003,INTEGRATED DEVICE TECHNOLOGY INC,2006,10-K,0001193125-06-130429
6003,INTEGRATED DEVICE TECHNOLOGY INC,2005,10-K,0001193125-05-125256
61871,PHARMACEUTICAL PRODUCT DEVELOPMENT INC,2004,10-K,0001193125-05-042834
61871,PHARMACEUTICAL PRODUCT DEVELOPMENT INC,2005,10-K,0001193125-06-043805
260774,CB RICHARD ELLIS GROUP INC,2005,10-K,0001193125-06-055100
260774,CB RICHARD ELLIS GROUP INC,2004,10-K,0001193125-05-051169
13204,FISHER SCIENTIFIC INTERNATIONAL INC,2004,10-K,0000950135-05-001489
13204,FISHER SCIENTIFIC INTERNATIONAL INC,2005,10-K,0000950135-06-001054
105936,COLUMBIA SPORTSWEAR CO,2004,10-K,0001193125-05-045548
105936,COLUMBIA SPORTSWEAR CO,2005,10-K,0001193125-06-053693
14489,DELL INC,2006,10-K,0000950134-06-005149
14489,DELL INC,2005,10-K,0000950134-05-004423
10016,STANLEY WORKS,2005,10-K,0000950136-06-001493
10016,STANLEY WORKS,2005,10-K,0000950136-05-001204
63180,SIEBEL SYSTEMS INC,2004,10-K,0001006835-05-000012
63180,SIEBEL SYSTEMS INC,2003,10-K/A,0001006835-05-000007
3786,DATASCOPE CORP,2006,10-K,0001125282-06-005710
3786,DATASCOPE CORP,2005,10-K,0001125282-05-004792
6435,KIMBERLY CLARK CORP,2005,10-K,0001193125-06-037643
6435,KIMBERLY CLARK CORP,2004,10-K,0001193125-05-036237
122921,QUEST SOFTWARE INC,2005,10-K/A,0001193125-06-095068
122921,QUEST SOFTWARE INC,2004,10-K,0001193125-05-052504
122921,QUEST SOFTWARE INC,2005,10-K,0001193125-06-056101
122921,QUEST SOFTWARE INC,2004,10-K/A,0001193125-05-092566
10420,TELLABS INC,2005,10-K,0001104659-06-016226
10420,TELLABS INC,2004,10-K/A,0000317771-05-000010
10420,TELLABS INC,2004,10-K,0000950137-05-003049
5047,GENERAL ELECTRIC CO,2004,10-K,0000040545-05-000020
5047,GENERAL ELECTRIC CO,2004,10-K/A,0000040545-05-000032
5047,GENERAL ELECTRIC CO,2005,10-K,0000040545-06-000009
13407,WELLMAN INC,2004,10-K,0000950135-05-001428
13407,WELLMAN INC,2005,10-K,0000950135-06-001613
6403,KERR MCGEE CORP /DE,2004,10-K,0001141185-05-000024
6403,KERR MCGEE CORP /DE,2005,10-K,0001141185-06-000039
11191,VISHAY INTERTECHNOLOGY INC,2004,10-K,0001206774-05-000347
11191,VISHAY INTERTECHNOLOGY INC,2005,10-K,0001206774-06-000383
12142,ORACLE CORP /DE/,2005,10-K/A,0001193125-05-248838
12142,ORACLE CORP /DE/,2005,10-K,0001193125-05-136288
12142,ORACLE CORP,2006,10-K,0001193125-06-151154
8304,PALL CORP,2005,10-K,0001125282-05-005303
6830,LUBRIZOL CORP,2005,10-K,0000950152-06-001537
6830,LUBRIZOL CORP,2005,10-K/A,0000950152-06-001669
6830,LUBRIZOL CORP,2004,10-K,0000950152-05-001767
64162,COVANCE INC,2005,10-K,0001047469-06-002689
64162,COVANCE INC,2004,10-K,0001047469-05-005211
7585,MOTOROLA INC,2005,10-K/A,0000950137-06-002623
7585,MOTOROLA INC,2005,10-K,0000950137-06-002484
7585,MOTOROLA INC,2004,10-K,0000950137-05-002687
1478,WYETH,2004,10-K,0000005187-05-000033
1478,WYETH,2005,10-K,0001193125-06-040159
125533,PACTIV CORP,2003,10-K/A,0000950137-05-000942
125533,PACTIV CORP,2004,10-K,0000950137-05-003054
125533,PACTIV CORP,2005,10-K,0000950137-06-003156
111534,MICROSTRATEGY INC,2004,10-K,0001193125-05-051836
111534,MICROSTRATEGY INC,2005,10-K,0001193125-06-049859
15106,BECKMAN COULTER INC,2004,10-K,0001047469-05-004357
15106,BECKMAN COULTER INC,2005,10-K,0001104659-06-011715
15106,BECKMAN COULTER INC,2005,10-K/A,0001104659-06-024758
6034,INTERFACE INC,2004,10-K,0001167966-05-000394
6034,INTERFACE INC,2006,10-K,0001188112-06-000725
3310,"CA, INC.",2006,10-K,0000950123-06-009660
3310,COMPUTER ASSOCIATES INTERNATIONAL INC,2005,10-K/A,0000950123-05-012276
3310,COMPUTER ASSOCIATES INTERNATIONAL INC,2005,10-K,0000950123-05-007982
65615,CHOICE HOTELS INTERNATIONAL INC /DE,2005,10-K,0001193125-06-056437
65615,CHOICE HOTELS INTERNATIONAL INC /DE,2004,10-K,0001193125-05-052330
3917,DIAGNOSTIC PRODUCTS CORP,2004,10-K,0000950129-05-002515
3917,DIAGNOSTIC PRODUCTS CORP,2004,10-K/A,0000950129-05-004527
3917,DIAGNOSTIC PRODUCTS CORP,2005,10-K,0000950129-06-002660
11903,AEP INDUSTRIES INC,2004,10-K,0001047469-05-001945
11903,AEP INDUSTRIES INC,2005,10-K,0001104659-06-004820
12785,PILGRIMS PRIDE CORP,2004,10-K,0000802481-04-000078
12785,PILGRIMS PRIDE CORP,2004,10-K/A,0000802481-04-000083
12785,PILGRIMS PRIDE CORP,2005,10-K,0000802481-05-000099
7772,NATIONAL SEMICONDUCTOR CORP,2005,10-K,0000070530-05-000075
7772,NATIONAL SEMICONDUCTOR CORP,2006,10-K,0000070530-06-000052
7772,NATIONAL SEMICONDUCTOR CORP,2004,10-K/A,0000070530-05-000027
7772,NATIONAL SEMICONDUCTOR CORP,2005,10-K/A,0000070530-05-000078
8530,PFIZER INC,2005,10-K,0000930413-06-001567
8530,PFIZER INC,2004,10-K,0000950123-05-002379
22325,XILINX INC,2006,10-K,0001047469-06-007867
22325,XILINX INC,2005,10-K,0001047469-05-016238
2663,CAMPBELL SOUP CO,2005,10-K,0000893220-05-002271
2085,BAUSCH &amp; LOMB INC,2004,10-K,0000010427-05-000140
5862,RAYONIER INC,2004,10-K,0001145443-05-000423
5862,RAYONIER INC,2005,10-K,0001193125-06-044102
9667,SHERWIN WILLIAMS CO,2004,10-K,0000950152-05-001943
9667,SHERWIN WILLIAMS CO,2005,10-K,0000950152-06-001786
11376,WEST PHARMACEUTICAL SERVICES INC,2004,10-K,0000105770-05-000135
11376,WEST PHARMACEUTICAL SERVICES INC,2005,10-K,0001104659-06-014167
13421,CADENCE DESIGN SYSTEMS INC,2005,10-K,0000950134-05-005251
13421,CADENCE DESIGN SYSTEMS INC,2005,10-K,0000950134-06-004749
141469,HARVARD BIOSCIENCE INC,2005,10-K,0001104659-06-017303
141469,HARVARD BIOSCIENCE INC,2004,10-K/A,0001047469-05-012187
141469,HARVARD BIOSCIENCE INC,2004,10-K,0001047469-05-006773
3502,COOPER TIRE &amp; RUBBER CO,2005,10-K,0000950152-06-001586
3502,COOPER TIRE &amp; RUBBER CO,2004,10-K/A,0000950152-05-002885
3502,COOPER TIRE &amp; RUBBER CO,2004,10-K,0000950152-05-002010
3502,COOPER TIRE &amp; RUBBER CO,2005,10-K/A,0000950152-06-001665
142811,FMC TECHNOLOGIES INC,2004,10-K,0001193125-05-049566
142811,FMC TECHNOLOGIES INC,2005,10-K,0001193125-06-038959
5606,HEWLETT PACKARD CO,2004,10-K,0001047469-05-000929
5606,HEWLETT PACKARD CO,2005,10-K,0001047469-05-028479
65430,CHILDRENS PLACE RETAIL STORES INC,2005,10-K/A,0001104659-05-028200
65430,CHILDRENS PLACE RETAIL STORES INC,2006,10-K,0001104659-06-024467
65430,CHILDRENS PLACE RETAIL STORES INC,2005,10-K,0001104659-05-016518
63501,E TRADE FINANCIAL CORP,2003,10-K/A,0001193125-05-009895
63501,E TRADE FINANCIAL CORP,2005,10-K,0001193125-06-045154
63501,E TRADE FINANCIAL CORP,2004,10-K,0001193125-05-046680
63501,E TRADE FINANCIAL CORP,2005,10-K/A,0001193125-06-062978
7906,NIKE INC,2006,10-K,0001193125-06-156152
7906,NIKE INC,2005,10-K,0000950124-05-004551
13027,GUNDLE SLT ENVIRONMENTAL INC,2004,10-K,0001193125-05-033629
13027,GUNDLE SLT ENVIRONMENTAL INC,2005,10-K,0001144204-06-009171
10232,SYMBOL TECHNOLOGIES INC,2005,10-K/A,0000950123-06-002594
10232,SYMBOL TECHNOLOGIES INC,2005,10-K,0000950123-06-002545
10232,SYMBOL TECHNOLOGIES INC,2004,10-K,0000950123-05-003013
10232,SYMBOL TECHNOLOGIES INC,2002,10-K/A,0000950123-05-007759
10232,SYMBOL TECHNOLOGIES INC,2003,10-K/A,0000950123-05-007758
22794,BJ SERVICES CO,2004,10-K,0001193125-05-012383
22794,BJ SERVICES CO,2005,10-K,0001193125-05-242654
25783,"McAfee, Inc.",2005,10-K,0000950134-06-004019
25783,"McAfee, Inc.",2004,10-K,0000950134-05-006598
25783,"McAfee, Inc.",2004,10-K/A,0000950134-05-010735
14650,BMC SOFTWARE INC,2006,10-K,0000950129-06-006284
14650,BMC SOFTWARE INC,2005,10-K,0000950129-05-006679
4321,EMERSON ELECTRIC CO,2004,10-K,0000032604-04-000033
4321,EMERSON ELECTRIC CO,2005,10-K,0001193125-05-230745
10499,TEXAS INSTRUMENTS INC,2004,10-K,0001193125-05-038623
10499,TEXAS INSTRUMENTS INC,2005,10-K,0001193125-06-041333
8543,"ALTRIA GROUP, INC.",2005,10-K,0001193125-06-051165
8543,ALTRIA GROUP INC,2004,10-K,0000950123-05-003146
24856,GILEAD SCIENCES INC,2005,10-K,0001193125-06-045128
24856,GILEAD SCIENCES INC,2004,10-K,0001104659-05-010858
25341,KRONOS INC,2004,10-K,0000886903-04-000205
25341,KRONOS INC,2005,10-K,0000886903-05-000165
24409,SYBASE INC,2005,10-K,0000950134-06-005173
24409,SYBASE INC,2004,10-K,0000950134-05-005197
4973,GALLAGHER ARTHUR J &amp; CO,2004,10-K,0001193125-05-013417
4973,GALLAGHER ARTHUR J &amp; CO,2005,10-K,0001193125-06-023110
6078,INTERNATIONAL FLAVORS &amp; FRAGRANCES INC,2005,10-K,0000950136-06-001885
6078,INTERNATIONAL FLAVORS &amp; FRAGRANCES INC,2004,10-K,0000950136-05-001337
3707,DST SYSTEMS INC,2005,10-K,0001104659-06-014683
3707,DST SYSTEMS INC,2004,10-K,0001104659-05-010668
10407,TELEFLEX INC,2004,10-K,0000893220-05-000499
10407,TELEFLEX INC,2005,10-K,0000893220-06-000621
7991,TEREX CORP,2004,10-K,0001125282-06-001131
7991,TEREX CORP,2005,10-K,0001125282-06-002894
30098,GARDNER DENVER INC,2004,10-K,0001068800-05-000175
30098,GARDNER DENVER INC,2005,10-K,0000950137-06-003038
12136,"SUN MICROSYSTEMS, INC.",2006,10-K,0001193125-06-187945
12136,"SUN MICROSYSTEMS, INC.",2005,10-K,0001193125-05-184847
13646,TIFFANY &amp; CO,2005,10-K,0000950123-05-004501
13646,TIFFANY &amp; CO,2006,10-K,0000950123-06-003996
13646,TIFFANY &amp; CO,2005,10-K/A,0000098246-06-000089
1209,AIR PRODUCTS &amp; CHEMICALS INC /DE/,2004,10-K,0000950123-04-014695
1209,AIR PRODUCTS &amp; CHEMICALS INC /DE/,2005,10-K,0000950123-05-013994
12756,COCA COLA ENTERPRISES INC,2004,10-K,0001193125-05-044461
12756,COCA COLA ENTERPRISES INC,2005,10-K,0001193125-06-036747
1690,APPLE COMPUTER INC,2004,10-K,0001047469-04-035975
1690,APPLE COMPUTER INC,2005,10-K,0001104659-05-058421
121718,JUNIPER NETWORKS INC,2004,10-K,0000950134-05-004228
121718,JUNIPER NETWORKS INC,2005,10-K,0000950134-06-004424
7938,NACCO INDUSTRIES INC,2004,10-K,0000950152-05-002157
7938,NACCO INDUSTRIES INC,2005,10-K,0000950152-06-001530
15110,LYONDELL CHEMICAL CO,2004,10-K,0001193125-05-052566
15110,LYONDELL CHEMICAL CO,2005,10-K,0001193125-06-054726
6821,LOUISIANA-PACIFIC CORP,2005,10-K,0001104659-06-014863
6821,LOUISIANA-PACIFIC CORP,2004,10-K,0001104659-05-010457
7620,MURPHY OIL CORP /DE,2004,10-K,0001193125-05-052706
7620,MURPHY OIL CORP /DE,2005,10-K,0001193125-06-054960
7620,MURPHY OIL CORP /DE,2005,10-K/A,0001193125-06-056655
120774,BROCADE COMMUNICATIONS SYSTEMS INC,2005,10-K,0000950134-06-000737
120774,BROCADE COMMUNICATIONS SYSTEMS INC,2004,10-K,0000950134-05-001717
120774,BROCADE COMMUNICATIONS SYSTEMS INC,2004,10-K/A,0000950134-05-021402
61574,WATERS CORP /DE/,2005,10-K,0000950135-06-001427
61574,WATERS CORP /DE/,2004,10-K,0000950135-05-001421
14385,RESPIRONICS INC,2006,10-K,0001193125-06-190272
14385,RESPIRONICS INC,2005,10-K,0001193125-05-184823
4094,DUN &amp; BRADSTREET CORP/NW,2005,10-K,0000950123-06-002387
4094,MOODYS CORP /DE/,2004,10-K,0000950123-05-002773
4094,DONNELLEY R H INC,2004,10-K/A,0000950144-05-005141
4094,R H DONNELLEY CORP,2005,10-K,0000950144-06-002351
4094,MOODYS CORP /DE/,2005,10-K,0001193125-06-041923
4094,DUN &amp; BRADSTREET CORP/NW,2004,10-K,0001206774-05-000313
4094,R H DONNELLEY CORP,2004,10-K,0000950144-05-002657
4060,DOW CHEMICAL CO /DE/,2004,10-K,0001047469-05-004197
4060,DOW CHEMICAL CO /DE/,2005,10-K,0001047469-06-002147
4058,DOVER CORP,2004,10-K,0000950123-05-003055
4058,DOVER CORP,2005,10-K,0000950123-06-002706
10519,TEXTRON INC,2005,10-K,0001104659-06-011793
10519,TEXTRON INC,2005,10-K,0001104659-05-008155
29830,Rock-Tenn CO,2005,10-K,0000950144-05-012856
29830,ROCK TENN CO,2004,10-K,0000950144-04-012064
9778,SNAP ON INC,2005,10-K,0000897069-05-000548
9778,SNAP ON INC,2005,10-K,0000897069-06-000518
6730,LILLY ELI &amp; CO,2005,10-K,0000950137-06-002395
6730,LILLY ELI &amp; CO,2004,10-K,0000950134-05-004385
4093,DUKE ENERGY CORP,2004,10-K,0001193125-05-052711
4093,DUKE ENERGY CORP,2005,10-K/A,0001193125-06-071231
4093,DUKE ENERGY CORP,2005,10-K,0001193125-06-045233
4093,DUKE ENERGY CORP,2005,10-K/A,0001193125-06-070775
144066,ROCKWELL COLLINS INC,2004,10-K,0001193125-04-209373
144066,ROCKWELL COLLINS INC,2005,10-K,0001193125-05-230287
2561,CPAC INC,2006,10-K,0000351717-06-000014
2561,CPAC INC,2005,10-K,0000351717-05-000027
2561,CPAC INC,2005,10-K/A,0000351717-05-000037
10581,TIMKEN CO,2005,10-K,0000950152-06-001996
10581,TIMKEN CO,2004,10-K,0000098362-05-000001
142953,KRAFT FOODS INC,2004,10-K,0001047469-05-006214
142953,KRAFT FOODS INC,2005,10-K,0001047469-06-003200
11465,WHIRLPOOL CORP /DE/,2004,10-K/A,0001193125-05-052507
11465,WHIRLPOOL CORP /DE/,2005,10-K,0001047469-06-002674
11465,WHIRLPOOL CORP /DE/,2004,10-K,0001193125-05-042422
5786,HUNTINGTON BANCSHARES INC/MD,2005,10-K/A,0000950152-06-006501
5786,HUNTINGTON BANCSHARES INC/MD,2004,10-K,0000950152-05-001700
5786,HUNTINGTON BANCSHARES INC/MD,2005,10-K,0000950152-06-001400
5786,HUNTINGTON PREFERRED CAPITAL INC,2005,10-K,0000950152-06-002522
5786,HUNTINGTON PREFERRED CAPITAL INC,2004,10-K/A,0000950152-05-009902
5786,HUNTINGTON PREFERRED CAPITAL INC,2004,10-K,0000950152-05-002566
26021,SEACOR HOLDINGS INC /NEW/,2004,10-K/A,0001047469-05-010044
26021,SEACOR HOLDINGS INC /NEW/,2004,10-K,0001047469-05-006379
26021,SEACOR HOLDINGS INC /NEW/,2005,10-K,0001104659-06-017877
111864,COGNIZANT TECHNOLOGY SOLUTIONS CORP,2004,10-K,0000950123-05-003226
111864,COGNIZANT TECHNOLOGY SOLUTIONS CORP,2005,10-K,0001193125-06-054940
7228,MEDTRONIC INC,2005,10-K,0000897101-05-001490
7228,MEDTRONIC INC,2006,10-K,0000897101-06-001326
20779,CISCO SYSTEMS INC,2005,10-K,0001193125-05-187168
20779,CISCO SYSTEMS INC,2006,10-K,0001193125-06-192133
6900,MTS SYSTEMS CORP,2004,10-K,0000897101-04-002620
6900,MTS SYSTEMS CORP,2005,10-K/A,0000897101-06-000156
6900,MTS SYSTEMS CORP,2005,10-K,0000897101-05-002656
4839,FORD MOTOR CO,2004,10-K,0000950124-05-001427
4839,FORD MOTOR CO,2005,10-K,0000038009-06-000031
1577,AMERICAN TECHNICAL CERAMICS CORP,2005,10-K,0000950136-05-006243
1577,AMERICAN TECHNICAL CERAMICS CORP,2006,10-K,0000950136-06-008022
6104,INTERNATIONAL PAPER CO /NEW/,2004,10-K,0000950117-05-000925
6104,INTERNATIONAL PAPER CO /NEW/,2005,10-K/A,0001193125-06-047118
6104,INTERNATIONAL PAPER CO /NEW/,2005,10-K,0001193125-06-046215
8293,PAXAR CORP,2005,10-K/A,0001157523-06-002716
8293,PAXAR CORP,2004,10-K,0001157523-05-002543
8293,PAXAR CORP,2005,10-K,0001157523-06-002603
28742,BORGWARNER INC,2004,10-K,0000950137-05-003025
28742,BORGWARNER INC,2005,10-K,0000950137-06-002007
3243,CITIGROUP INC,2004,10-K,0001047469-05-004988
3243,CITIGROUP INC,2005,10-K,0001047469-06-002377
3243,CITIGROUP GLOBAL MARKETS HOLDINGS INC,2004,10-K,0000950123-05-003339
4608,FEDERAL SIGNAL CORP /DE/,2005,10-K,0000950137-06-002144
4608,FEDERAL SIGNAL CORP /DE/,2004,10-K,0000950137-05-003146
4608,FEDERAL SIGNAL CORP /DE/,2004,10-K/A,0000950137-05-003300
2953,CHECKPOINT SYSTEMS INC,2005,10-K,0000950116-06-000758
2953,CHECKPOINT SYSTEMS INC,2004,10-K,0000950116-05-000986
160255,HOSPIRA INC,2005,10-K,0001047469-06-003426
160255,HOSPIRA INC,2004,10-K,0001047469-05-007312
11096,VALSPAR CORP,2004,10-K,0000897101-05-000085
11096,VALSPAR CORP,2005,10-K,0000897101-06-000075
8463,PENTAIR INC,2005,10-K,0000950134-06-003965
8463,PENTAIR INC,2004,10-K,0001193125-05-047835
1380,AMERADA HESS CORP,2004,10-K,0000950123-05-003078
1380,AMERADA HESS CORP,2005,10-K,0000950123-06-002849
3221,AON CORP,2004,10-K,0001047469-05-006608
3221,AON CORP,2005,10-K,0001047469-06-003130
60893,PROQUEST CO,2005,10-K,0001193125-05-053815
28176,APTARGROUP INC,2004,10-K,0000950137-05-002363
28176,APTARGROUP INC,2005,10-K,0000950137-06-002247
9340,VALEANT PHARMACEUTICALS INTERNATIONAL,2005,10-K,0000950137-06-003139
9340,VALEANT PHARMACEUTICALS INTERNATIONAL,2004,10-K,0000950137-05-003100
144435,BUNGE LTD,2004,10-K,0001047469-05-006732
144435,Bunge LTD,2005,10-K,0001104659-06-016958
24925,ROPER INDUSTRIES INC /DE/,2005,10-K,0000882835-06-000009
24925,ROPER INDUSTRIES INC /DE/,2004,10-K,0000882835-05-000004
14324,ALTERA CORP,2004,10-K,0001193125-05-047783
14324,ALTERA CORP,2005,10-K,0001193125-06-053555
29095,MERCURY INTERACTIVE CORP,2004,10-K,0001193125-05-049592
29095,MERCURY INTERACTIVE CORP,2004,10-K/A,0001193125-06-141393
6557,LAIDLAW INTERNATIONAL INC,2005,10-K,0000950137-05-013829
6557,LAIDLAW INTERNATIONAL INC,2004,10-K,0000950137-04-010038
31887,RESMED INC,2006,10-K,0001193125-06-189387
31887,RESMED INC,2005,10-K,0001193125-05-184704
155934,SIRVA INC,2004,10-K,0001104659-05-057114
14592,ALLIANCEBERNSTEIN HOLDING L.P.,2005,10-K,0001104659-06-011930
14592,ALLIANCE CAPITAL MANAGEMENT HOLDING LP,2004,10-K,0001104659-05-010988
3835,DEERE &amp; CO,2005,10-K,0001104659-05-061732
3835,DEERE &amp; CO,2004,10-K,0001104659-04-040625
4213,ECOLAB INC,2004,10-K,0001104659-05-009384
4213,ECOLAB INC,2005,10-K,0001104659-06-012710
63637,MILLENNIUM CHEMICALS INC,2004,10-K,0001193125-05-052549
63637,MILLENNIUM CHEMICALS INC,2003,10-K/A,0001193125-05-029152
63637,MILLENNIUM CHEMICALS INC,2005,10-K,0001193125-06-054765
8479,PEPSICO INC,2005,10-K,0001193125-06-039968
8479,PEPSICO INC,2004,10-K,0001193125-05-037811
4885,FRANKLIN RESOURCES INC,2005,10-K,0001193125-05-242624
4885,FRANKLIN RESOURCES INC,2005,10-K/A,0001193125-06-022263
4885,FRANKLIN RESOURCES INC,2004,10-K,0000038777-04-000612
28590,BRINKS CO,2004,10-K,0000078890-05-000014
28590,BRINKS CO,2005,10-K,0000078890-06-000012
27980,JARDEN CORP,2004,10-K/A,0000950136-05-002455
27980,JARDEN CORP,2004,10-K/A,0000950136-05-002886
27980,JARDEN CORP,2004,10-K,0000950136-05-001118
27980,JARDEN CORP,2005,10-K,0001193125-06-049130
3439,CONSUMERS ENERGY CO,2004,10-K,0000950124-05-001425
3439,CMS ENERGY CORP,2003,10-K/A,0000950124-04-006283
3439,CONSUMERS ENERGY CO,2005,10-K,0000950124-06-000851
3439,CMS ENERGY CORP,2005,10-K/A,0000950124-06-003181
3439,CMS ENERGY CORP,2004,10-K/A,0000950124-05-004034
7409,MILLIPORE CORP /MA,2004,10-K,0001193125-05-052775
7409,MILLIPORE CORP /MA,2005,10-K,0001193125-06-055044
29028,COSTCO WHOLESALE CORP /NEW,2005,10-K,0001193125-05-223245
29028,COSTCO WHOLESALE CORP /NEW,2004,10-K,0001193125-04-195535
15084,BURLINGTON RESOURCES INC,2005,10-K,0000950129-06-002048
15084,BURLINGTON RESOURCES INC,2004,10-K,0000950129-05-001767
8810,PUBLIC SERVICE ENTERPRISE GROUP INC,2004,10-K/A,0001047469-05-011819
8810,PUBLIC SERVICE ENTERPRISE GROUP INC,2004,10-K,0000950117-05-000790
8810,PUBLIC SERVICE ENTERPRISE GROUP INC,2005,10-K,0000950117-06-000927
61566,IDX SYSTEMS CORP,2004,10-K,0001193125-05-050697
8219,OXFORD INDUSTRIES INC,2006,10-K,0000950144-06-007947
8219,OXFORD INDUSTRIES INC,2005,10-K,0000950144-05-008828
1704,APPLIED MATERIALS INC /DE,2004,10-K,0000950134-04-019339
1704,APPLIED MATERIALS INC /DE,2005,10-K,0000950134-05-023162
63800,IMS HEALTH INC,2004,10-K,0001047469-05-006554
63800,IMS HEALTH INC,2005,10-K,0001047469-06-002224
155735,AMIS HOLDINGS INC,2004,10-K,0000950124-05-001447
155735,AMIS HOLDINGS INC,2005,10-K,0000950124-06-001233
61398,LECROY CORP,2005,10-K,0000890163-05-000460
61398,LECROY CORP,2006,10-K,0000890163-06-000611
2111,BECTON DICKINSON &amp; CO,2005,10-K,0000950117-05-004677
2111,BECTON DICKINSON &amp; CO,2004,10-K,0000950117-04-004429
65399,ARVINMERITOR INC,2005,10-K,0001206774-05-001868
65399,ARVINMERITOR INC,2004,10-K,0000950123-04-014830
2771,CARLISLE COMPANIES INC,2005,10-K,0001104659-06-016056
2771,CARLISLE COMPANIES INC,2004,10-K,0001104659-05-010191
6376,KELLWOOD CO,2005,10-K/A,0001068800-06-000042
6376,KELLWOOD CO,2005,10-K/A,0001068800-05-000329
6376,KELLWOOD CO,2005,10-K,0001068800-05-000178
6376,KELLWOOD CO,2006,10-K,0001068800-06-000204
7250,MENTOR CORP /MN/,2006,10-K,0000064892-06-000023
7250,MENTOR CORP /MN/,2005,10-K,0001003297-05-000189
7250,MENTOR CORP /MN/,2005,10-K/A,0000064892-05-000041
61567,ESTEE LAUDER COMPANIES INC,2004,10-K/A,0001104659-04-033932
61567,ESTEE LAUDER COMPANIES INC,2005,10-K,0001104659-05-042689
61567,ESTEE LAUDER COMPANIES INC,2006,10-K,0001104659-06-057258
7401,MILLER HERMAN INC,2006,10-K,0000950124-06-004085
7401,MILLER HERMAN INC,2005,10-K/A,0000926044-06-000148
7401,MILLER HERMAN INC,2005,10-K,0000926044-05-000367
7065,"MARSH &amp; MCLENNAN COMPANIES, INC.",2004,10-K,0000062709-05-000062
7065,"MARSH &amp; MCLENNAN COMPANIES, INC.",2005,10-K,0001145443-06-000555
7257,MERCK &amp; CO INC,2004,10-K,0000950123-05-003003
7257,MERCK &amp; CO INC,2005,10-K,0000950123-06-003031
9937,SPECTRUM CONTROL INC,2005,10-K,0001193125-06-039727
9937,SPECTRUM CONTROL INC,2004,10-K,0001193125-05-034977
157858,FREESCALE SEMICONDUCTOR INC,2005,10-K,0001193125-06-028941
157858,FREESCALE SEMICONDUCTOR INC,2004,10-K,0001193125-05-040120
165993,"Fidelity National Information Services, Inc.",2005,10-K,0000950134-06-005253
165993,"Fidelity National Information Services, Inc.",2005,10-K/A,0000892569-06-000615
165993,CERTEGY INC,2004,10-K,0001193125-05-048033
4087,DUPONT E I DE NEMOURS &amp; CO,2005,10-K,0001047469-06-002614
4087,DUPONT E I DE NEMOURS &amp; CO,2004,10-K,0001047469-05-005183
61763,ELIZABETH ARDEN INC,2005,10-K,0001193125-05-184500
61763,ELIZABETH ARDEN INC,2006,10-K,0001193125-06-188740
11566,WOLVERINE WORLD WIDE INC /DE/,2005,10-K,0000905729-06-000156
11566,WOLVERINE WORLD WIDE INC /DE/,2005,10-K,0000905729-05-000124
64397,AVOCENT CORP,2005,10-K,0001104659-06-014293
64397,AVOCENT CORP,2004,10-K,0001104659-05-010863
157118,TNS INC,2004,10-K,0001047469-05-008536
157118,TNS INC,2005,10-K,0001104659-06-017241
157118,TNS INC,2005,10-K/A,0001104659-06-048178
14477,WASTE MANAGEMENT INC,2004,10-K,0000950129-05-001427
14477,WASTE MANAGEMENT INC,2005,10-K,0000950129-06-001649
31166,GUIDANT CORP,2004,10-K,0000950134-05-003127
31166,GUIDANT CORP,2005,10-K,0000950137-06-002115
10816,USG CORP,2005,10-K,0000950134-06-002721
10816,USG CORP,2004,10-K,0000950137-05-001958
31168,RSA SECURITY INC/DE/,2005,10-K/A,0000950135-06-002198
31168,RSA SECURITY INC/DE/,2004,10-K,0000950135-05-001389
31168,RSA SECURITY INC/DE/,2005,10-K,0000950135-06-001626
6036,INTERGRAPH CORP,2003,10-K/A,0000950144-04-010733
6036,INTERGRAPH CORP,2005,10-K,0000351145-06-000009
6036,INTERGRAPH CORP,2004,10-K,0000351145-05-000009
14412,SOTHEBYS HOLDINGS INC,2004,10-K,0000950117-05-000990
14412,SOTHEBYS HOLDINGS INC,2005,10-K,0000950117-06-001222
25167,MENS WEARHOUSE INC,2005,10-K,0000950129-05-004258
25167,MENS WEARHOUSE INC,2006,10-K,0000950129-06-003934
16721,ELECTRONIC ARTS INC,2006,10-K,0000950134-06-011401
16721,ELECTRONIC ARTS INC,2005,10-K,0000891618-05-000406
65643,FAIRCHILD SEMICONDUCTOR INTERNATIONAL INC,2004,10-K,0000950135-05-001344
65643,FAIRCHILD SEMICONDUCTOR INTERNATIONAL INC,2005,10-K,0000950135-06-001517
6268,JOHNSON CONTROLS INC,2004,10-K,0000950137-04-010523
6268,JOHNSON CONTROLS INC,2004,10-K/A,0000950137-05-009910
6268,JOHNSON CONTROLS INC,2005,10-K,0000950137-05-014746
8762,PROCTER &amp; GAMBLE CO,2006,10-K,0000950152-06-007291
8762,PROCTER &amp; GAMBLE CO,2005,10-K,0000950152-05-007351
1878,AUTODESK INC,2005,10-K,0001193125-05-067261
1878,AUTODESK INC,2006,10-K,0001193125-06-068809
15708,ALLERGAN INC,2004,10-K,0000950137-05-002808
15708,ALLERGAN INC,2005,10-K,0000892569-06-000217
30219,BLYTH INC,2006,10-K,0001104659-06-024679
30219,BLYTH INC,2005,10-K,0001104659-05-016641
4199,EATON CORP,2005,10-K,0000950152-06-001969
4199,EATON CORP,2004,10-K,0000950152-05-002013
30477,MATTHEWS INTERNATIONAL CORP,2005,10-K,0000063296-05-000071
30477,MATTHEWS INTERNATIONAL CORP,2004,10-K,0000063296-04-000063
6266,JOHNSON &amp; JOHNSON,2006,10-K,0000950123-06-003129
6266,JOHNSON &amp; JOHNSON,2005,10-K,0000950123-05-003140
6008,INTEL CORP,2005,10-K,0000891618-06-000089
6008,INTEL CORP,2004,10-K,0001193125-05-033162
3121,CLOROX CO /DE/,2005,10-K,0001104659-05-042311
3121,CLOROX CO /DE/,2006,10-K,0000950134-06-016835
7116,MATTEL INC /DE/,2004,10-K,0001193125-05-044603
7116,MATTEL INC /DE/,2005,10-K,0001193125-06-039887
29392,EASTMAN CHEMICAL CO,2005,10-K,0000915389-06-000017
29392,EASTMAN CHEMICAL CO,2004,10-K,0000915389-05-000023
12540,ADOBE SYSTEMS INC,2004,10-K,0001047469-05-002143
12540,ADOBE SYSTEMS INC,2005,10-K,0001047469-06-001601
12124,MORGAN STANLEY,2004,10-K,0001193125-05-025463
12124,MORGAN STANLEY,2005,10-K,0001193125-06-028736
120877,REYNOLDS AMERICAN INC,2004,10-K,0000950144-05-002273
120877,REYNOLDS AMERICAN INC,2005,10-K,0000950144-06-001530
120877,REYNOLDS AMERICAN INC,2004,10-K/A,0000950144-05-005767
120444,WESCO INTERNATIONAL INC,2005,10-K,0000950152-06-002136
120444,WESCO INTERNATIONAL INC,2004,10-K,0000950152-05-001807
28214,INTERPOOL INC,2005,10-K,0000899681-06-000184
28214,INTERPOOL INC,2004,10-K,0000899681-05-000274
28214,INTERPOOL INC,2004,10-K/A,0000899681-05-000691
28214,INTERPOOL INC,2004,10-K/A,0000899681-05-000378
28214,INTERPOOL INC,2003,10-K/A,0000899681-05-000434
3144,COCA COLA CO,2005,10-K,0001047469-06-002588
3144,COCA COLA CO,2004,10-K,0001047469-05-005411
133430,MOLDFLOW CORP,2005,10-K,0000950135-05-005362
133430,MOLDFLOW CORP,2006,10-K,0000950135-06-005716
12141,MICROSOFT CORP,2005,10-K,0001193125-05-174825
12141,MICROSOFT CORP,2006,10-K,0001193125-06-180008
14084,ALBANY INTERNATIONAL CORP /DE/,2004,10-K,0001145443-05-000454
14084,ALBANY INTERNATIONAL CORP /DE/,2005,10-K,0001145443-06-000597
1246,IKON OFFICE SOLUTIONS INC,2004,10-K/A,0001193125-05-139701
1246,IKON OFFICE SOLUTIONS INC,2004,10-K,0001193125-04-211197
1246,IKON OFFICE SOLUTIONS INC,2005,10-K,0000893220-05-002873
5878,ILLINOIS TOOL WORKS INC,2005,10-K,0000950137-06-002224
5878,ILLINOIS TOOL WORKS INC,2004,10-K,0000950137-05-002667
5878,ILLINOIS TOOL WORKS INC,2004,10-K/A,0000950137-05-002904
156861,TEMPUR PEDIC INTERNATIONAL INC,2004,10-K,0001193125-05-044732
156861,TEMPUR PEDIC INTERNATIONAL INC,2005,10-K,0001193125-06-052513
113419,CONVERGYS CORP,2004,10-K,0001193125-05-041709
113419,CONVERGYS CORP,2005,10-K,0001193125-06-046129
143356,PRUDENTIAL FINANCIAL INC,2004,10-K,0001193125-05-045535
143356,PRUDENTIAL FINANCIAL INC,2004,10-K/A,0001193125-06-032776
143356,PRUDENTIAL FINANCIAL INC,2005,10-K/A,0001193125-06-055791
143356,PRUDENTIAL FINANCIAL INC,2005,10-K,0001193125-06-041378
14450,WOLVERINE TUBE INC,2004,10-K,0000950144-05-002643
14450,WOLVERINE TUBE INC,2005,10-K,0000950144-06-002388
24800,QUALCOMM INC/DE,2005,10-K,0000936392-05-000362
24800,QUALCOMM INC/DE,2004,10-K,0000936392-04-000858
65896,OYO GEOSPACE CORP,2004,10-K,0001193125-04-208792
65896,OYO GEOSPACE CORP,2005,10-K,0001193125-05-247590
5250,W R GRACE &amp; CO,2005,10-K,0000950136-06-001861
5250,W R GRACE &amp; CO,2004,10-K,0000950136-05-001184
7163,MCGRAW-HILL COMPANIES INC,2005,10-K,0000950123-06-002219
7163,MCGRAW-HILL COMPANIES INC,2004,10-K,0000950123-05-002243
146017,ACUITY BRANDS INC,2004,10-K,0001193125-04-181807
146017,ACUITY BRANDS INC,2005,10-K,0001193125-05-213128
27845,WATSON PHARMACEUTICALS INC,2005,10-K,0001104659-06-015868
27845,WATSON PHARMACEUTICALS INC,2004,10-K,0001047469-05-006534
2086,BAXTER INTERNATIONAL INC,2004,10-K,0001193125-05-052405
2086,BAXTER INTERNATIONAL INC,2005,10-K,0000950137-06-002686
2086,BAXTER INTERNATIONAL INC,2003,10-K/A,0001193125-05-049548
64745,KNOLL INC,2005,10-K,0001193125-06-056535
64745,KNOLL INC,2004,10-K,0001193125-05-066391
10639,TOYS R US INC,2006,10-K,0001193125-06-093096
10639,TOYS R US INC,2005,10-K,0001193125-05-090701
7951,MOVADO GROUP INC,2006,10-K/A,0000950142-06-000922
7951,MOVADO GROUP INC,2006,10-K,0000950123-06-004587
7951,MOVADO GROUP INC,2005,10-K,0000950123-05-004625
14863,GENLYTE GROUP INC,2005,10-K,0000833076-06-000006
14863,GENLYTE GROUP INC,2004,10-K,0001104659-05-014394
126554,AGILENT TECHNOLOGIES INC,2005,10-K,0001047469-06-000516
126554,AGILENT TECHNOLOGIES INC,2004,10-K,0001193125-04-216917
62689,ST PAUL TRAVELERS COMPANIES INC,2005,10-K,0001104659-06-012299
62689,ST PAUL TRAVELERS COMPANIES INC,2004,10-K,0001193125-05-052696
2044,BARD C R INC /NJ/,2004,10-K,0001193125-05-038606
2044,BARD C R INC /NJ/,2005,10-K,0001193125-06-037819
9004,REEBOK INTERNATIONAL LTD,2004,10-K,0001047469-05-005743
9004,REEBOK INTERNATIONAL LTD,2004,10-K/A,0001104659-05-061309
9699,SIGMA ALDRICH CORP,2005,10-K,0001193125-06-053737
9699,SIGMA ALDRICH CORP,2004,10-K,0001193125-05-048970
2271,BLOUNT INTERNATIONAL INC,2003,10-K/A,0000950157-04-000911
2271,BLOUNT INTERNATIONAL INC,2004,10-K,0001104659-05-009942
2271,BLOUNT INTERNATIONAL INC,2005,10-K,0001104659-06-015817
1632,ANALOG DEVICES INC,2005,10-K,0000950135-05-006610
1632,ANALOG DEVICES INC,2004,10-K,0000950135-04-005529
24468,BIOGEN IDEC INC,2005,10-K,0000950135-06-001384
24468,BIOGEN IDEC INC,2004,10-K,0000950135-05-001792
11115,VARIAN MEDICAL SYSTEMS INC,2004,10-K,0001104659-04-039471
11115,VARIAN MEDICAL SYSTEMS INC,2005,10-K,0001104659-05-060358
25124,PRAXAIR INC,2005,10-K,0000884905-06-000030
25124,PRAXAIR INC,2004,10-K,0000884905-05-000075
118003,PEROT SYSTEMS CORP,2004,10-K,0000950134-05-004503
118003,PEROT SYSTEMS CORP,2005,10-K,0000950134-06-003959
7904,NICOR INC,2004,10-K,0000072020-05-000007
7904,NICOR INC,2005,10-K,0000072020-06-000008
2812,DOLE FOOD COMPANY INC,2005,10-K,0000950137-06-004586
2812,DOLE FOOD COMPANY INC,2005,10-K,0000950137-05-004039
64389,SILGAN HOLDINGS INC,2004,10-K,0000849869-05-000012
64389,SILGAN HOLDINGS INC,2005,10-K,0001193125-06-053598
10056,STEPAN CO,2005,10-K,0001193125-06-045672
10056,STEPAN CO,2004,10-K,0001193125-05-042706
7366,ENTERGY CORP /DE/,2004,10-K,0000065984-05-000147
7366,ENTERGY CORP /DE/,2005,10-K,0000065984-06-000119
7154,MCDONALDS CORP,2005,10-K,0001193125-06-039862
7154,MCDONALDS CORP,2004,10-K,0001193125-05-042609
9698,SIFCO INDUSTRIES INC,2004,10-K,0000950152-04-009016
9698,SIFCO INDUSTRIES INC,2005,10-K,0000950152-05-010016
4510,FMC CORP,2005,10-K,0001193125-06-048313
4510,FMC CORP,2004,10-K,0001193125-05-049229
4510,FMC CORP,2005,10-K/A,0001193125-06-068846
9459,SCHERING PLOUGH CORP,2004,10-K/A,0000950123-05-003861
9459,SCHERING PLOUGH CORP,2004,10-K,0000950123-05-002785
9459,SCHERING PLOUGH CORP,2005,10-K,0000950123-06-002367
4941,GATX CORP,2005,10-K/A,0000950137-06-003638
4941,GATX CORP,2005,10-K,0000950137-06-002873
4941,GATX CORP,2004,10-K,0000950137-05-002962
1602,AMGEN INC,2005,10-K,0001104659-06-015851
1602,AMGEN INC,2004,10-K,0000950129-05-002159
3969,DIODES INC /DEL/,2005,10-K,0001144204-06-010106
3969,DIODES INC /DEL/,2004,10-K,0001144204-05-007853
3969,DIODES INC /DEL/,2005,10-K/A,0000029002-05-000010
10609,TOOTSIE ROLL INDUSTRIES INC,2005,10-K,0001047469-06-003397
10609,TOOTSIE ROLL INDUSTRIES INC,2004,10-K,0001047469-05-006676
4145,PERKINELMER INC,2006,10-K,0001193125-06-058022
4145,PERKINELMER INC,2005,10-K,0001193125-05-048036
110039,AMKOR TECHNOLOGY INC,2004,10-K/A,0000950153-05-001357
110039,AMKOR TECHNOLOGY INC,2005,10-K,0000950153-06-000688
110039,AMKOR TECHNOLOGY INC,2004,10-K,0000893220-05-000695
6552,LAFARGE NORTH AMERICA INC,2005,10-K/A,0000950133-06-002101
6552,LAFARGE NORTH AMERICA INC,2004,10-K,0000950133-05-000801
6552,LAFARGE NORTH AMERICA INC,2005,10-K,0000950133-06-000946
16478,EOG RESOURCES INC,2004,10-K,0000821189-05-000054
16478,EOG RESOURCES INC,2005,10-K,0000821189-06-000040
6109,INTERNATIONAL RECTIFIER CORP /DE/,2005,10-K,0001104659-05-044537
6109,INTERNATIONAL RECTIFIER CORP /DE/,2006,10-K,0001104659-06-061467
30718,METROLOGIC INSTRUMENTS INC,2004,10-K,0000815910-05-000025
30718,METROLOGIC INSTRUMENTS INC,2005,10-K,0000815910-06-000032
10115,STRYKER CORP,2004,10-K,0000310764-05-000008
10115,STRYKER CORP,2005,10-K,0000310764-06-000040
118577,INVITROGEN CORP,2004,10-K/A,0001193125-05-107298
118577,INVITROGEN CORP,2004,10-K/A,0001193125-05-104290
118577,INVITROGEN CORP,2004,10-K,0001193125-05-035182
118577,INVITROGEN CORP,2005,10-K,0001193125-06-042488
7017,MARATHON OIL CORP,2005,10-K,0000950129-06-002297
7017,MARATHON OIL CORP,2004,10-K,0001047469-05-006086
1913,AVERY DENNISON CORPORATION,2005,10-K,0001193125-05-054130
1913,AVERY DENNISON CORPORATION,2005,10-K,0000950129-06-002659
137131,CHARLES RIVER LABORATORIES INTERNATIONAL INC,2004,10-K,0001047469-05-005909
137131,CHARLES RIVER LABORATORIES INTERNATIONAL INC,2005,10-K,0001104659-06-016438
137131,CHARLES RIVER LABORATORIES INTERNATIONAL INC,2004,10-K/A,0001047469-05-006307
10540,THOMAS &amp; BETTS CORP,2005,10-K,0000950134-06-003788
10540,THOMAS &amp; BETTS CORP,2004,10-K,0000950134-05-004237
12441,GARTNER INC,2005,10-K,0000950123-06-003019
12441,GARTNER INC,2004,10-K,0000950123-05-003248
1914,AVIALL INC,2004,10-K,0001193125-05-052283
1914,AVIALL INC,2005,10-K,0001193125-06-045046
12886,NEWS CORP,2006,10-K,0001193125-06-178355
12886,NEWS CORP,2005,10-K,0001193125-05-179099
11600,WORTHINGTON INDUSTRIES INC,2006,10-K,0001193125-06-170895
11600,WORTHINGTON INDUSTRIES INC,2005,10-K,0001193125-05-167952
139665,MOODYS CORP /DE/,2004,10-K,0000950123-05-002773
139665,MOODYS CORP /DE/,2005,10-K,0001193125-06-041923
9772,SMITH INTERNATIONAL INC,2004,10-K,0000950129-05-002439
9772,SMITH INTERNATIONAL INC,2005,10-K,0000950129-06-002581
133367,ENERGIZER HOLDINGS INC,2004,10-K,0001096752-04-000134
133367,ENERGIZER HOLDINGS INC,2005,10-K/A,0001096752-06-000023
133367,ENERGIZER HOLDINGS INC,2005,10-K/A,0001096752-06-000032
133367,ENERGIZER HOLDINGS INC,2005,10-K,0001096752-05-000157
65772,METTLER TOLEDO INTERNATIONAL INC/,2004,10-K,0000950152-05-001513
65772,METTLER TOLEDO INTERNATIONAL INC/,2005,10-K,0000950152-06-001354
1971,BAIRNCO CORP /DE/,2004,10-K,0000350750-05-000011
1971,BAIRNCO CORP /DE/,2005,10-K,0000350750-06-000009
27965,MICROCHIP TECHNOLOGY INC,2006,10-K,0001104659-06-038580
27965,MICROCHIP TECHNOLOGY INC,2005,10-K,0001104659-05-025010
11609,WRIGLEY WM JR CO,2003,10-K/A,0001206774-05-000118
11609,WRIGLEY WM JR CO,2005,10-K,0001206774-06-000260
11609,WRIGLEY WM JR CO,2004,10-K/A,0001206774-05-000228
11609,WRIGLEY WM JR CO,2004,10-K,0001206774-05-000161
6196,ANIXTER INTERNATIONAL INC,2005,10-K,0000950137-06-002223
6196,ANIXTER INTERNATIONAL INC,2004,10-K/A,0000950137-05-003040
6196,ANIXTER INTERNATIONAL INC,2004,10-K,0000950137-05-002151
11060,V F CORP,2005,10-K,0000893220-05-000519
11060,V F CORP,2005,10-K,0000893220-06-000503
7420,MINE SAFETY APPLIANCES CO,2004,10-K,0001193125-05-049299
7420,MINE SAFETY APPLIANCES CO,2005,10-K,0001193125-06-046204
11094,VALMONT INDUSTRIES INC,2005,10-K,0001104659-06-016322
11094,VALMONT INDUSTRIES INC,2004,10-K,0001104659-05-009963
3246,COMMERCIAL METALS CO,2005,10-K,0000950134-05-021079
3246,COMMERCIAL METALS CO,2004,10-K,0000950134-04-017154
10374,TECHNITROL INC,2005,10-K,0001169232-06-001442
10374,TECHNITROL INC,2004,10-K,0001169232-05-001375
14182,AMCOL INTERNATIONAL CORP,2004,10-K/A,0001275287-05-001577
14182,AMCOL INTERNATIONAL CORP,2005,10-K/A,0001275287-06-001805
14182,AMCOL INTERNATIONAL CORP,2005,10-K,0001275287-06-001442
14182,AMCOL INTERNATIONAL CORP,2004,10-K,0001275287-05-001131
14182,AMCOL INTERNATIONAL CORP,2005,10-K/A,0001275287-06-001528
14182,AMCOL INTERNATIONAL CORP,2004,10-K/A,0001275287-05-001592
12216,LINEAR TECHNOLOGY CORP /CA/,2005,10-K/A,0000950005-05-000636
12216,LINEAR TECHNOLOGY CORP /CA/,2005,10-K,0000950005-05-000633
12216,LINEAR TECHNOLOGY CORP /CA/,2006,10-K,0000791907-06-000006
2555,CPI CORP,2005,10-K,0001169232-05-002236
2555,CPI CORP,2006,10-K,0000025354-06-000014
8606,PITNEY BOWES INC /DE/,2004,10-K,0001206774-05-000278
8606,PITNEY BOWES INC /DE/,2005,10-K/A,0000930413-06-005881
8606,PITNEY BOWES INC /DE/,2005,10-K,0001206774-06-000420
3480,ARBITRON INC,2004,10-K,0000950133-05-000935
3480,CERIDIAN CORP /DE/,2005,10-K,0001104659-06-017273
3480,ARBITRON INC,2005,10-K,0000950133-06-000895
3480,CERIDIAN CORP /DE/,2003,10-K/A,0000950134-05-003402
3480,CERIDIAN CORP /DE/,2004,10-K,0001104659-05-017373
2136,VERIZON COMMUNICATIONS INC,2004,10-K,0001193125-05-049044
2136,VERIZON COMMUNICATIONS INC,2005,10-K,0001193125-06-053710
62730,POLYCOM INC,2004,10-K,0001193125-05-046602
62730,POLYCOM INC,2005,10-K,0001193125-06-051060
11456,WEYERHAEUSER CO,2004,10-K,0001193125-05-041798
11456,WEYERHAEUSER CO,2005,10-K,0001193125-06-036731
12471,WORLD FUEL SERVICES CORP,2005,10-K/A,0001193125-06-095420
12471,WORLD FUEL SERVICES CORP,2005,10-K,0001193125-06-056673
12471,WORLD FUEL SERVICES CORP,2004,10-K,0001193125-05-067072
12471,WORLD FUEL SERVICES CORP,2004,10-K/A,0001193125-05-099486
7486,MODINE MANUFACTURING CO,2006,10-K,0000067347-06-000113
7486,MODINE MANUFACTURING CO,2005,10-K,0000067347-05-000173
8253,PACCAR INC,2004,10-K,0001104659-05-009484
8253,PACCAR INC,2005,10-K,0001104659-06-012138
4036,DONALDSON CO INC,2005,10-K,0000897101-05-002127
2751,CARDINAL HEALTH INC,2004,10-K,0000950152-04-007635
2751,CARDINAL HEALTH INC,2005,10-K/A,0000950152-05-008943
2751,CARDINAL HEALTH INC,2006,10-K,0001193125-06-184453
2751,CARDINAL HEALTH INC,2005,10-K,0000950152-05-007585
7647,BANK OF AMERICA CORP /DE/,2004,10-K,0001193125-05-039878
7647,BANK OF AMERICA CORP /DE/,2005,10-K,0001193125-06-056053
9372,ST JUDE MEDICAL INC,2005,10-K,0000897101-06-000598
9372,ST JUDE MEDICAL INC,2004,10-K,0000897101-05-000696
3278,CENDANT CORP,2005,10-K,0000950123-06-002437
3278,CENDANT CORP,2004,10-K,0000950123-05-002491
2950,CHATTEM INC,2004,10-K,0001072613-05-000298
2950,CHATTEM INC,2005,10-K,0001072613-06-000481
64690,AUTOLIV INC,2004,10-K,0001034670-05-000030
64690,AUTOLIV INC,2005,10-K,0001034670-06-000029
5518,HASBRO INC,2004,10-K,0001047469-05-005891
5518,HASBRO INC,2005,10-K,0000950135-06-001133
15855,SYMANTEC CORP,2005,10-K/A,0000891618-05-000433
15855,SYMANTEC CORP,2004,10-K/A,0000950134-05-010334
15855,SYMANTEC CORP,2006,10-K,0000891618-06-000254
15855,SYMANTEC CORP,2005,10-K,0000950134-05-012034
2968,J P MORGAN CHASE &amp; CO,2004,10-K/A,9999999997-05-030472
2968,J P MORGAN CHASE &amp; CO,2004,10-K,0000950123-05-002539
2968,J P MORGAN CHASE &amp; CO,2005,10-K,0000950123-06-002875
2968,J P MORGAN CHASE &amp; CO,2005,10-K/A,0000950123-06-009854
2968,J P MORGAN CHASE &amp; CO,2005,10-K/A,0000950123-06-008545
2154,BEMIS CO INC,2005,10-K,0001104659-06-016718
2154,BEMIS CO INC,2004,10-K,0001104659-05-010653
8655,POGO PRODUCING CO,2005,10-K,0001104659-06-013524
8655,POGO PRODUCING CO,2004,10-K,0001104659-05-009767
133366,EDWARDS LIFESCIENCES CORP,2005,10-K,0001047469-06-003132
133366,EDWARDS LIFESCIENCES CORP,2004,10-K,0001047469-05-005556
5723,STARWOOD HOTEL &amp; RESORTS WORLDWIDE INC,2005,10-K,0000950153-06-000650
5723,STARWOOD HOTELS &amp; RESORTS,2004,10-K,0000950153-05-000427
3612,CROSS A T CO,2005,10-K,0000025793-05-000020
3612,CROSS A T CO,2005,10-K,0000025793-06-000012
24975,SYNOPSYS INC,2004,10-K,0001047469-05-000652
24975,SYNOPSYS INC,2005,10-K,0001104659-06-001880
24975,SYNOPSYS INC,2004,10-K/A,0001104659-05-034477
13700,DENTSPLY INTERNATIONAL INC /DE/,2005,10-K,0000818479-06-000014
13700,DENTSPLY INTERNATIONAL INC /DE/,2004,10-K,0000818479-05-000019
13948,CONSUMERS ENERGY CO,2004,10-K,0000950124-05-001425
13948,CMS ENERGY CORP,2003,10-K/A,0000950124-04-006283
13948,CONSUMERS ENERGY CO,2005,10-K,0000950124-06-000851
13948,CMS ENERGY CORP,2005,10-K/A,0000950124-06-003181
13948,CMS ENERGY CORP,2004,10-K/A,0000950124-05-004034
7435,3M CO,2005,10-K,0001104659-06-010894
7435,3M CO,2004,10-K,0001104659-05-008057
14960,LABORATORY CORP OF AMERICA HOLDINGS,2006,10-K,0000920148-06-000067
14960,LABORATORY CORP OF AMERICA HOLDINGS,2005,10-K,0000920148-05-000049
8214,OWENS CORNING,2004,10-K/A,0000950172-05-000912
8214,OWENS CORNING,2004,10-K,0001193125-05-044604
8214,OWENS CORNING,2005,10-K,0001193125-06-036257
23978,UNITED STATES STEEL CORP,2005,10-K,0001193125-06-041454
23978,UNITED STATES STEEL CORP,2004,10-K,0001193125-05-037218
157057,ASSURANT INC,2005,10-K,0001193125-06-051258
157057,ASSURANT INC,2004,10-K,0000950123-05-003934
7636,MYERS INDUSTRIES INC,2005,10-K,0000950152-06-002199
7636,MYERS INDUSTRIES INC,2004,10-K/A,0000069488-05-000032
7636,MYERS INDUSTRIES INC,2004,10-K,0000950152-05-002215
61591,NETWORK APPLIANCE INC,2006,10-K,0000950134-06-013059
61591,NETWORK APPLIANCE INC,2005,10-K,0000950134-05-013074
3639,CUBIC CORP /DE/,2004,10-K,0001104659-04-038948
3639,CUBIC CORP /DE/,2005,10-K,0001104659-05-060610
12256,ADAPTEC INC,2006,10-K,0001047469-06-008428
12256,ADAPTEC INC,2005,10-K,0001047469-05-017228
64480,MACROVISION CORP,2003,10-K/A,0001206774-05-000503
64480,MACROVISION CORP,2004,10-K,0001206774-05-000504
64480,MACROVISION CORP,2005,10-K,0001193125-06-043226
4843,FOREST LABORATORIES INC,2006,10-K,0000038074-06-000035
4843,FOREST LABORATORIES INC,2005,10-K,0000038074-05-000018
110533,SAUER DANFOSS INC,2004,10-K,0001104659-05-010907
110533,SAUER DANFOSS INC,2005,10-K,0001104659-06-015860
2787,CARPENTER TECHNOLOGY CORP,2006,10-K/A,0001043039-06-000078
2787,CARPENTER TECHNOLOGY CORP,2006,10-K,0001193125-06-181084
2787,CARPENTER TECHNOLOGY CORP,2005,10-K,0001193125-05-182991
5764,HUBBELL INC,2005,10-K,0000950123-06-002794
5764,HUBBELL INC,2004,10-K,0000950123-05-002855
10793,TYSON FOODS INC,2005,10-K,0000100493-05-000077
10793,TYSON FOODS INC,2004,10-K,0000100493-04-000084
10793,TYSON FOODS INC,2006,10-K/A,0000100493-06-000009
66519,GENESIS MICROCHIP INC /DE,2005,10-K/A,0001193125-05-139648
66519,GENESIS MICROCHIP INC /DE,2005,10-K,0001193125-05-122928
66519,GENESIS MICROCHIP INC /DE,2006,10-K,0000950134-06-011568
8247,PPG INDUSTRIES INC,2004,10-K,0001193125-05-031817
8247,PPG INDUSTRIES INC,2005,10-K,0001193125-06-033428
160681,NMHG HOLDING CO,2004,10-K/A,0000950152-05-005764
160681,NMHG HOLDING CO,2005,10-K,0000950152-06-001531
160681,NMHG HOLDING CO,2005,10-K/A,0000950152-06-004377
160681,NMHG HOLDING CO,2005,10-K/A,0000950152-06-002817
160681,NMHG HOLDING CO,2004,10-K,0000950152-05-002160
27776,ROCKY SHOES &amp; BOOTS INC,2005,10-K,0000950152-06-002176
27776,ROCKY SHOES &amp; BOOTS INC,2004,10-K/A,0000950152-05-003021
27776,ROCKY SHOES &amp; BOOTS INC,2004,10-K,0000950152-05-002199
1762,ARMSTRONG WORLD INDUSTRIES INC,2003,10-K/A,0001193125-04-186228
1762,ARMSTRONG WORLD INDUSTRIES INC,2004,10-K,0001193125-05-065072
1762,ARMSTRONG HOLDINGS INC /PA/,2005,10-K,0001193125-06-038254
9359,SAFEWAY INC,2005,10-K,0001193125-06-050988
9359,SAFEWAY INC,2005,10-K,0001193125-05-052818
2577,CTS CORP,2005,10-K,0000026058-06-000015
2577,CTS CORP,2004,10-K,0000026058-05-000006
24197,IDEXX LABORATORIES INC /DE,2005,10-K,0000874716-06-000041
24197,IDEXX LABORATORIES INC /DE,2004,10-K,0000874716-05-000035
29015,DECKERS OUTDOOR CORP,2005,10-K,0000950129-06-002462
29015,DECKERS OUTDOOR CORP,2004,10-K,0000950129-05-002490
3607,Chemtura CORP,2005,10-K,0001104659-06-021363
3607,CROMPTON CORP,2004,10-K,0000950117-05-000981
6375,KELLOGG CO,2005,10-K,0000950124-05-001480
6375,KELLOGG CO,2005,10-K,0000950124-06-000896
5709,HORMEL FOODS CORP /DE/,2004,10-K,0001104659-05-001285
5709,HORMEL FOODS CORP /DE/,2005,10-K,0001104659-06-002096
7291,METHODE ELECTRONICS INC,2005,10-K,0000950137-05-008702
7291,METHODE ELECTRONICS INC,2006,10-K,0000950137-06-007779
61552,LEXMARK INTERNATIONAL INC /KY/,2005,10-K,0000950152-06-001859
61552,LEXMARK INTERNATIONAL INC /KY/,2004,10-K,0000950152-05-001915
2710,"CONSTELLATION BRANDS, INC.",2005,10-K,0000016918-05-000031
2710,"CONSTELLATION BRANDS, INC.",2006,10-K,0000016918-06-000033
8488,APPLERA CORP,2005,10-K,0001125282-05-004710
8488,APPLERA CORP,2006,10-K,0001125282-06-005280
1161,ADVANCED MICRO DEVICES INC,2005,10-K,0001193125-06-040130
1161,ADVANCED MICRO DEVICES INC,2004,10-K,0001193125-05-039876
12053,EMC CORP,2004,10-K,0000950135-05-001223
12053,EMC CORP,2005,10-K,0001193125-06-045961
25870,MINERALS TECHNOLOGIES INC,2005,10-K,0000891014-06-000048
25870,MINERALS TECHNOLOGIES INC,2004,10-K,0000891014-05-000081
3662,CURTISS WRIGHT CORP,2005,10-K,0000950117-06-001076
3662,CURTISS WRIGHT CORP,2004,10-K,0000950117-05-000989
145701,PRINCIPAL FINANCIAL GROUP INC,2005,10-K,0001047469-06-002772
145701,PRINCIPAL FINANCIAL GROUP INC,2004,10-K,0001047469-05-005426
1300,HONEYWELL INTERNATIONAL INC,2005,10-K,0000950117-06-000980
1300,HONEYWELL INTERNATIONAL INC,2004,10-K,0000950117-05-000756
4818,FLUOR CORP,2004,10-K/A,0000892569-05-000101
4818,MASSEY ENERGY CO,2004,10-K,0001193125-05-052563
4818,FLUOR CORP,2004,10-K,0000892569-05-000093
4818,FLUOR CORP,2005,10-K,0000892569-06-000202
4818,MASSEY ENERGY CO,2005,10-K,0001193125-06-056614
1104,ACME UNITED CORP,2004,10-K,0001026608-05-000015
1104,ACME UNITED CORP,2005,10-K,0001026608-06-000045
5568,HEINZ H J CO,2006,10-K,0000950152-06-005218
5568,HEINZ H J CO,2005,10-K,0000950152-05-005232
13128,ECOLOGY &amp; ENVIRONMENT INC,2004,10-K/A,0000809933-04-000022
13128,ECOLOGY &amp; ENVIRONMENT INC,2004,10-K,0000809933-04-000021
13128,ECOLOGY &amp; ENVIRONMENT INC,2005,10-K,0000809933-05-000019
1593,AMERON INTERNATIONAL CORP,2004,10-K,0001104659-05-006529
1593,AMERON INTERNATIONAL CORP,2005,10-K/A,0000790730-06-000002
1593,AMERON INTERNATIONAL CORP,2005,10-K,0000790730-06-000001
1593,AMERON INTERNATIONAL CORP,2004,10-K/A,0000790730-05-000002
5301,GREAT ATLANTIC &amp; PACIFIC TEA CO INC,2005,10-K,0000043300-05-000023
5301,GREAT ATLANTIC &amp; PACIFIC TEA CO INC,2006,10-K,0000043300-06-000025
2124,BEL FUSE INC /NJ,2004,10-K,0001144204-05-009461
2124,BEL FUSE INC /NJ,2004,10-K/A,0001144204-05-012806
2124,BEL FUSE INC /NJ,2005,10-K,0001144204-06-010168
1567,AMERICAN STANDARD COMPANIES INC,2004,10-K,0000950123-05-002201
1567,AMERICAN STANDARD COMPANIES INC,2005,10-K,0001193125-06-038742
1567,AMERICAN STANDARD COMPANIES INC,2004,10-K/A,0000950123-05-002541
9538,SEABOARD CORP /DE/,2004,10-K,0000088121-05-000004
9538,SEABOARD CORP /DE/,2005,10-K,0000088121-06-000002
3170,COLGATE PALMOLIVE CO,2005,10-K,0001193125-06-038891
3170,COLGATE PALMOLIVE CO,2004,10-K,0001193125-05-037145
6066,INTERNATIONAL BUSINESS MACHINES CORP,2004,10-K,0001047469-05-004595
6066,INTERNATIONAL BUSINESS MACHINES CORP,2005,10-K,0001047469-06-002608
14624,OFFICE DEPOT INC,2005,10-K,0000950144-06-001238
14624,OFFICE DEPOT INC,2004,10-K,0000950144-05-002321
8759,PRINTRONIX INC,2006,10-K,0000950137-06-007240
8759,PRINTRONIX INC,2005,10-K,0000950137-05-008451
4194,EASTMAN KODAK CO,2004,10-K,0001206774-05-000535
4194,EASTMAN KODAK CO,2005,10-K,0001206774-06-000357
2435,BROWN FORMAN CORP,2005,10-K,0000014693-05-000056
2435,BROWN FORMAN CORP,2006,10-K,0000014693-06-000065
12144,SUNGARD DATA SYSTEMS INC,2004,10-K,0001193125-05-051383
12144,SUNGARD DATA SYSTEMS INC,2005,10-K,0001193125-06-051307
9815,SONOCO PRODUCTS CO,2005,10-K,0000950144-06-001529
9815,SONOCO PRODUCTS CO,2004,10-K,0000950144-05-001972
9815,SONOCO PRODUCTS CO,2004,10-K/A,0000950144-05-006984
10277,TECO ENERGY INC,2004,10-K,0001193125-05-050920
10277,TECO ENERGY INC,2005,10-K,0001193125-06-046299
10277,TAMPA ELECTRIC CO,2004,10-K/A,0001193125-05-175561
9472,SCHULMAN A INC,2005,10-K,0000950152-05-009248
9472,SCHULMAN A INC,2004,10-K,0000950152-04-008336
11531,APPLICA INC,2005,10-K,0000950144-06-002340
11531,APPLICA INC,2004,10-K,0000950144-05-002645
11531,APPLICA INC,2003,10-K/A,0000950144-05-002568
2403,BRISTOL MYERS SQUIBB CO,2005,10-K,0001193125-06-052456
2403,BRISTOL MYERS SQUIBB CO,2004,10-K,0001193125-05-041808
2255,BLACK &amp; DECKER CORP,2005,10-K,0000012355-06-000052
2255,BLACK &amp; DECKER CORP,2004,10-K,0000012355-05-000031
1078,ABBOTT LABORATORIES,2005,10-K,0001047469-06-002258
1078,ABBOTT LABORATORIES,2004,10-K,0001047469-05-005185
65417,YUM BRANDS INC,2004,10-K,0001041061-05-000102
65417,YUM BRANDS INC,2006,10-K,0001041061-06-000109
65417,YUM BRANDS INC,2006,10-K/A,0001041061-06-000117
148756,CINEMARK INC,2005,10-K,0000950134-06-006055
148756,CINEMARK INC,2004,10-K,0000950134-05-006253
2034,BANTA CORP,2005,10-K,0000897069-06-000606
2034,BANTA CORP,2005,10-K,0000897069-05-000703
5229,GOODRICH CORP,2005,10-K,0000950144-06-001416
5229,GOODRICH CORP,2004,10-K,0000950144-05-001890
29156,UNIVERSAL FOREST PRODUCTS INC,2004,10-K,0000950124-05-001400
29156,UNIVERSAL FOREST PRODUCTS INC,2005,10-K,0000950124-06-001052
6003,INTEGRATED DEVICE TECHNOLOGY INC,2006,10-K,0001193125-06-130429
6003,INTEGRATED DEVICE TECHNOLOGY INC,2005,10-K,0001193125-05-125256
61871,PHARMACEUTICAL PRODUCT DEVELOPMENT INC,2004,10-K,0001193125-05-042834
61871,PHARMACEUTICAL PRODUCT DEVELOPMENT INC,2005,10-K,0001193125-06-043805
260774,CB RICHARD ELLIS GROUP INC,2005,10-K,0001193125-06-055100
260774,CB RICHARD ELLIS GROUP INC,2004,10-K,0001193125-05-051169
13204,FISHER SCIENTIFIC INTERNATIONAL INC,2004,10-K,0000950135-05-001489
13204,FISHER SCIENTIFIC INTERNATIONAL INC,2005,10-K,0000950135-06-001054
105936,COLUMBIA SPORTSWEAR CO,2004,10-K,0001193125-05-045548
105936,COLUMBIA SPORTSWEAR CO,2005,10-K,0001193125-06-053693
14489,DELL INC,2006,10-K,0000950134-06-005149
14489,DELL INC,2005,10-K,0000950134-05-004423
10016,STANLEY WORKS,2005,10-K,0000950136-06-001493
10016,STANLEY WORKS,2005,10-K,0000950136-05-001204
63180,SIEBEL SYSTEMS INC,2004,10-K,0001006835-05-000012
63180,SIEBEL SYSTEMS INC,2003,10-K/A,0001006835-05-000007
3786,DATASCOPE CORP,2006,10-K,0001125282-06-005710
3786,DATASCOPE CORP,2005,10-K,0001125282-05-004792
6435,KIMBERLY CLARK CORP,2005,10-K,0001193125-06-037643
6435,KIMBERLY CLARK CORP,2004,10-K,0001193125-05-036237
122921,QUEST SOFTWARE INC,2005,10-K/A,0001193125-06-095068
122921,QUEST SOFTWARE INC,2004,10-K,0001193125-05-052504
122921,QUEST SOFTWARE INC,2005,10-K,0001193125-06-056101
122921,QUEST SOFTWARE INC,2004,10-K/A,0001193125-05-092566
10420,TELLABS INC,2005,10-K,0001104659-06-016226
10420,TELLABS INC,2004,10-K/A,0000317771-05-000010
10420,TELLABS INC,2004,10-K,0000950137-05-003049
5047,GENERAL ELECTRIC CO,2004,10-K,0000040545-05-000020
5047,GENERAL ELECTRIC CO,2004,10-K/A,0000040545-05-000032
5047,GENERAL ELECTRIC CO,2005,10-K,0000040545-06-000009
13407,WELLMAN INC,2004,10-K,0000950135-05-001428
13407,WELLMAN INC,2005,10-K,0000950135-06-001613
6403,KERR MCGEE CORP /DE,2004,10-K,0001141185-05-000024
6403,KERR MCGEE CORP /DE,2005,10-K,0001141185-06-000039
11191,VISHAY INTERTECHNOLOGY INC,2004,10-K,0001206774-05-000347
11191,VISHAY INTERTECHNOLOGY INC,2005,10-K,0001206774-06-000383
12142,ORACLE CORP /DE/,2005,10-K/A,0001193125-05-248838
12142,ORACLE CORP /DE/,2005,10-K,0001193125-05-136288
12142,ORACLE CORP,2006,10-K,0001193125-06-151154
8304,PALL CORP,2005,10-K,0001125282-05-005303
6830,LUBRIZOL CORP,2005,10-K,0000950152-06-001537
6830,LUBRIZOL CORP,2005,10-K/A,0000950152-06-001669
6830,LUBRIZOL CORP,2004,10-K,0000950152-05-001767
64162,COVANCE INC,2005,10-K,0001047469-06-002689
64162,COVANCE INC,2004,10-K,0001047469-05-005211
7585,MOTOROLA INC,2005,10-K/A,0000950137-06-002623
7585,MOTOROLA INC,2005,10-K,0000950137-06-002484
7585,MOTOROLA INC,2004,10-K,0000950137-05-002687
1478,WYETH,2004,10-K,0000005187-05-000033
1478,WYETH,2005,10-K,0001193125-06-040159
125533,PACTIV CORP,2003,10-K/A,0000950137-05-000942
125533,PACTIV CORP,2004,10-K,0000950137-05-003054
125533,PACTIV CORP,2005,10-K,0000950137-06-003156
111534,MICROSTRATEGY INC,2004,10-K,0001193125-05-051836
111534,MICROSTRATEGY INC,2005,10-K,0001193125-06-049859
15106,BECKMAN COULTER INC,2004,10-K,0001047469-05-004357
15106,BECKMAN COULTER INC,2005,10-K,0001104659-06-011715
15106,BECKMAN COULTER INC,2005,10-K/A,0001104659-06-024758
6034,INTERFACE INC,2004,10-K,0001167966-05-000394
6034,INTERFACE INC,2006,10-K,0001188112-06-000725
3310,"CA, INC.",2006,10-K,0000950123-06-009660
3310,COMPUTER ASSOCIATES INTERNATIONAL INC,2005,10-K/A,0000950123-05-012276
3310,COMPUTER ASSOCIATES INTERNATIONAL INC,2005,10-K,0000950123-05-007982
65615,CHOICE HOTELS INTERNATIONAL INC /DE,2005,10-K,0001193125-06-056437
65615,CHOICE HOTELS INTERNATIONAL INC /DE,2004,10-K,0001193125-05-052330
3917,DIAGNOSTIC PRODUCTS CORP,2004,10-K,0000950129-05-002515
3917,DIAGNOSTIC PRODUCTS CORP,2004,10-K/A,0000950129-05-004527
3917,DIAGNOSTIC PRODUCTS CORP,2005,10-K,0000950129-06-002660
11903,AEP INDUSTRIES INC,2004,10-K,0001047469-05-001945
11903,AEP INDUSTRIES INC,2005,10-K,0001104659-06-004820
12785,PILGRIMS PRIDE CORP,2004,10-K,0000802481-04-000078
12785,PILGRIMS PRIDE CORP,2004,10-K/A,0000802481-04-000083
12785,PILGRIMS PRIDE CORP,2005,10-K,0000802481-05-000099
7772,NATIONAL SEMICONDUCTOR CORP,2005,10-K,0000070530-05-000075
7772,NATIONAL SEMICONDUCTOR CORP,2006,10-K,0000070530-06-000052
7772,NATIONAL SEMICONDUCTOR CORP,2004,10-K/A,0000070530-05-000027
7772,NATIONAL SEMICONDUCTOR CORP,2005,10-K/A,0000070530-05-000078
8530,PFIZER INC,2005,10-K,0000930413-06-001567
8530,PFIZER INC,2004,10-K,0000950123-05-002379
22325,XILINX INC,2006,10-K,0001047469-06-007867
22325,XILINX INC,2005,10-K,0001047469-05-016238
2663,CAMPBELL SOUP CO,2005,10-K,0000893220-05-002271
